0,uniform,recursive,COBYLA,1,5,DFw,129.89907693862915,32,[],[1. 1. 1. 0. 0.],3.3806223225650873,"[1.0, 1.0, 1.0, 0, 0]",3.3806223225650873
1,uniform,recursive,COBYLA,1,5,DUw,142.89373970031738,36,[],[1. 1. 0. 0. 0.],2.8541802014301934,"[1.0, 1.0, 0, 0, 0]",2.8541802014301934
2,uniform,recursive,COBYLA,1,5,DV{,111.65415930747986,29,[],[1. 1. 0. 0. 0.],2.1698107728157328,"[1.0, 1.0, 0, 0, 0]",2.1698107728157328
3,uniform,recursive,COBYLA,1,5,DUW,111.21300959587097,28,[],[0. 0. 1. 1. 0.],2.3896421367549214,"[1.0, 1.0, 0, 0, 1.0]",2.3896421367549214
4,uniform,recursive,COBYLA,1,5,DC{,135.67926788330078,33,[],[0. 1. 1. 1. 0.],2.931049113926231,"[1.0, 1.0, 1.0, 1.0, 0]",3.376899069420308
5,uniform,recursive,COBYLA,1,5,DCw,111.76346778869629,29,[],[0. 0. 0. 1. 1.],2.6276092605119445,"[0, 0, 0, 1.0, 1.0]",2.6276092605119445
6,uniform,recursive,COBYLA,1,5,D?{,141.50477242469788,35,[],[1. 1. 1. 1. 0.],1.796525413204832,"[1.0, 1.0, 1.0, 1.0, 0]",1.796525413204832
7,uniform,recursive,COBYLA,1,5,DU{,114.3656759262085,28,[],[1. 1. 0. 0. 1.],3.2770562504535663,"[0, 0, 1.0, 1.0, 0]",3.2770562504535663
8,uniform,recursive,COBYLA,1,5,DF{,137.16339683532715,34,[],[0. 0. 0. 1. 1.],3.6259733568120707,"[1.0, 1.0, 1.0, 0, 0]",3.6259733568120702
9,uniform,recursive,COBYLA,1,5,DEw,130.13745999336243,31,[],[1. 1. 1. 0. 0.],2.79081227951738,"[1.0, 1.0, 1.0, 0, 0]",2.79081227951738
10,uniform,recursive,COBYLA,1,5,D]{,120.09411907196045,29,[],[1. 1. 0. 0. 0.],3.876496582736822,"[1.0, 1.0, 0, 0, 0]",3.876496582736822
11,uniform,recursive,COBYLA,1,5,DEk,117.12320351600647,28,[],[0. 1. 0. 0. 1.],2.408056899817945,"[0, 1.0, 0, 0, 1.0]",2.408056899817945
12,uniform,recursive,COBYLA,1,5,D~{,148.67691898345947,37,[],[1. 0. 0. 0. 1.],3.667585436702109,"[1.0, 0, 0, 0, 1.0]",3.667585436702109
13,uniform,recursive,COBYLA,1,5,DQ{,117.59941482543945,29,[],[1. 0. 0. 0. 1.],2.349228601358638,"[1.0, 1.0, 0, 1.0, 0]",2.5641630700197084
14,uniform,recursive,COBYLA,1,5,DQw,117.15971946716309,29,[],[1. 1. 1. 0. 0.],2.1626043644336566,"[1.0, 1.0, 1.0, 0, 0]",2.1626043644336566
15,uniform,recursive,COBYLA,1,5,DE{,141.91439652442932,35,[],[1. 1. 1. 0. 0.],2.986385792249842,"[1.0, 1.0, 1.0, 0, 0]",2.986385792249842
16,uniform,recursive,COBYLA,1,5,DQo,129.56778216362,35,[],[1. 1. 0. 0. 0.],2.2638996581241804,"[1.0, 1.0, 0, 0, 0]",2.2638996581241804
17,uniform,recursive,COBYLA,1,5,D^{,110.11117625236511,29,[],[0. 0. 1. 0. 1.],3.7724088139805696,"[0, 0, 1.0, 0, 1.0]",3.7724088139805696
18,uniform,recursive,COBYLA,1,5,DT{,112.25189423561096,29,[],[0. 1. 1. 1. 0.],3.1326316820831845,"[0, 1.0, 1.0, 1.0, 0]",3.1326316820831845
19,uniform,recursive,COBYLA,1,5,D]w,117.18576645851135,31,[],[1. 1. 0. 0. 0.],3.520741541536859,"[0, 0, 1.0, 1.0, 1.0]",3.5207415415368595
20,uniform,recursive,COBYLA,1,6,EQyw,238.59537720680237,30,[],[1. 1. 0. 0. 0. 1.],4.432487862987722,"[1.0, 1.0, 0, 0, 0, 1.0]",4.432487862987722
21,uniform,recursive,COBYLA,1,6,E?Bw,248.75370573997498,35,[],[0. 0. 0. 0. 0. 1.],2.762376409118102,"[1.0, 1.0, 1.0, 1.0, 1.0, 0]",2.762376409118102
22,uniform,recursive,COBYLA,1,6,EQzO,201.07435011863708,25,[],[0. 1. 1. 0. 0. 1.],2.1902312099348644,"[0, 1.0, 1.0, 0, 0, 1.0]",2.1902312099348644
23,uniform,recursive,COBYLA,1,6,EEzO,243.41701245307922,32,[],[1. 1. 1. 0. 0. 0.],3.724812397604058,"[1.0, 1.0, 1.0, 1.0, 0, 0]",3.909640658441659
24,uniform,recursive,COBYLA,1,6,ECYW,216.48677563667297,29,[],[1. 0. 0. 0. 1. 0.],3.360984642469548,"[0, 1.0, 1.0, 1.0, 0, 1.0]",3.360984642469548
25,uniform,recursive,COBYLA,1,6,ECvo,283.44351601600647,41,[],[0. 0. 0. 1. 1. 1.],3.4059973213965993,"[1.0, 1.0, 1.0, 0, 0, 0]",3.4059973213965997
26,uniform,recursive,COBYLA,1,6,EC~o,265.4160671234131,38,[],[0. 0. 0. 1. 1. 1.],4.534465996966041,"[1.0, 1.0, 1.0, 0, 0, 0]",4.534465996966041
27,uniform,recursive,COBYLA,1,6,EQj_,222.93457698822021,31,[],[1. 1. 1. 0. 0. 0.],3.831527294929793,"[1.0, 1.0, 1.0, 0, 0, 0]",3.8315272949297934
28,uniform,recursive,COBYLA,1,6,EQzo,208.73213744163513,26,[],[1. 1. 0. 0. 0. 1.],3.3615318010765973,"[1.0, 1.0, 0, 0, 0, 1.0]",3.3615318010765973
29,uniform,recursive,COBYLA,1,6,E?ro,263.7614004611969,36,[],[1. 1. 1. 1. 0. 0.],3.3753362251022687,"[1.0, 1.0, 1.0, 1.0, 0, 0]",3.3753362251022687
30,uniform,recursive,COBYLA,1,6,EEzg,246.17842197418213,33,[],[1. 1. 1. 0. 0. 0.],4.0473123630922165,"[1.0, 1.0, 1.0, 0, 0, 0]",4.047312363092217
31,uniform,recursive,COBYLA,1,6,EEvo,215.89260411262512,28,[],[0. 0. 0. 1. 1. 1.],3.547123912660704,"[1.0, 1.0, 1.0, 1.0, 0, 0]",4.052653453584332
32,uniform,recursive,COBYLA,1,6,EQ~w,215.5437171459198,34,[],[0. 1. 1. 0. 0. 1.],4.5426744272751645,"[0, 1.0, 1.0, 0, 0, 1.0]",4.5426744272751645
33,uniform,recursive,COBYLA,1,6,EErw,255.73124742507935,30,[],[0. 0. 0. 1. 1. 1.],4.357496331029228,"[1.0, 1.0, 1.0, 0, 0, 0]",4.357496331029228
34,uniform,recursive,COBYLA,1,6,EElw,256.39700651168823,35,[],[0. 0. 1. 1. 1. 0.],4.362207498705145,"[1.0, 1.0, 0, 0, 0, 1.0]",4.362207498705146
35,uniform,recursive,COBYLA,1,6,ETzg,246.82069945335388,34,[],[1. 1. 1. 0. 0. 0.],4.448333739909217,"[1.0, 1.0, 1.0, 0, 0, 0]",4.448333739909218
36,uniform,recursive,COBYLA,1,6,ECqg,244.4445514678955,30,[],[1. 1. 1. 0. 0. 0.],3.162310385565929,"[1.0, 1.0, 1.0, 0, 0, 0]",3.162310385565929
37,uniform,recursive,COBYLA,1,6,EUZw,248.93814706802368,31,[],[1. 1. 1. 0. 0. 0.],4.5054843547165815,"[1.0, 1.0, 1.0, 0, 0, 0]",4.5054843547165815
38,uniform,recursive,COBYLA,1,6,EUxo,223.10126519203186,31,[],[1. 1. 1. 0. 0. 0.],4.697701785760335,"[1.0, 1.0, 1.0, 0, 0, 0]",4.697701785760335
39,uniform,recursive,COBYLA,1,6,ECxw,229.49796080589294,28,[],[0. 0. 1. 1. 1. 0.],3.3029330227333347,"[0, 0, 1.0, 1.0, 1.0, 0]",3.3029330227333347
40,uniform,recursive,COBYLA,1,7,FCZTo,298.52580881118774,25,[],[0. 0. 0. 0. 1. 1. 1.],5.174843542202047,"[1.0, 1.0, 1.0, 1.0, 0, 0, 0]",5.174843542202046
41,uniform,recursive,COBYLA,1,7,FCZew,345.3464698791504,28,[],[1. 0. 0. 0. 1. 1. 0.],3.9471197289408133,"[0, 1.0, 1.0, 1.0, 0, 0, 1.0]",3.9471197289408133
42,uniform,recursive,COBYLA,1,7,FCznW,392.67243552207947,38,[],[1. 1. 1. 0. 1. 0. 0.],6.299241994765314,"[1.0, 1.0, 1.0, 0, 1.0, 0, 0]",6.299241994765314
43,uniform,recursive,COBYLA,1,7,F?rvw,331.07631373405457,31,[],[0. 0. 0. 0. 0. 1. 1.],5.659143189195139,"[1.0, 1.0, 1.0, 1.0, 1.0, 0, 0]",5.65914318919514
44,uniform,recursive,COBYLA,1,7,FCpb_,374.77502942085266,33,[],[0. 1. 1. 1. 0. 0. 0.],4.7100521615168285,"[0, 1.0, 1.0, 1.0, 0, 0, 0]",4.7100521615168285
45,uniform,recursive,COBYLA,1,7,FEr^o,356.39890360832214,26,[],[1. 1. 1. 0. 0. 0. 0.],5.482542311332391,"[1.0, 1.0, 1.0, 0, 0, 0, 0]",5.482542311332391
46,uniform,recursive,COBYLA,1,7,F?B~o,345.0129511356354,36,[],[0. 0. 0. 0. 0. 1. 1.],6.311889974632409,"[1.0, 1.0, 1.0, 1.0, 1.0, 0, 0]",6.31188997463241
47,uniform,recursive,COBYLA,1,7,FE~~w,337.5564274787903,29,[],[0. 0. 0. 0. 1. 1. 1.],5.971986933278456,"[0, 0, 0, 0, 1.0, 1.0, 1.0]",5.971986933278456
48,uniform,recursive,COBYLA,1,7,FQjVO,359.6041331291199,32,[],[0. 0. 1. 0. 0. 1. 1.],5.079335829753569,"[0, 0, 1.0, 0, 0, 1.0, 1.0]",5.0793358297535685
49,uniform,recursive,COBYLA,1,7,F?~vw,308.8784658908844,27,[],[1. 1. 1. 1. 0. 0. 0.],6.76637017433752,"[1.0, 1.0, 1.0, 1.0, 0, 0, 0]",6.76637017433752
50,uniform,recursive,COBYLA,1,7,FCOfw,332.98160672187805,33,[],[1. 0. 1. 0. 1. 0. 0.],4.319556434405267,"[0, 0, 1.0, 1.0, 1.0, 0, 0]",4.362722409250715
51,uniform,recursive,COBYLA,1,7,FQzvO,373.2417528629303,33,[],[1. 0. 0. 0. 1. 1. 0.],5.136395071660476,"[0, 0, 1.0, 0, 0, 1.0, 1.0]",5.546261575784191
52,uniform,recursive,COBYLA,1,7,FQjdg,362.58317160606384,35,[],[1. 0. 0. 1. 0. 1. 0.],4.435975452335594,"[1.0, 0, 0, 1.0, 0, 1.0, 0]",4.435975452335594
53,uniform,recursive,COBYLA,1,7,FCR`w,345.6397805213928,30,[],[1. 1. 0. 0. 0. 0. 1.],5.118085139391459,"[0, 0, 1.0, 1.0, 1.0, 1.0, 0]",5.11808513939146
54,uniform,recursive,COBYLA,1,7,F~~~w,316.770592212677,28,[],[1. 0. 1. 1. 0. 0. 0.],7.0927870365342,"[0, 0, 1.0, 1.0, 0, 0, 1.0]",7.632510861100366
55,uniform,recursive,COBYLA,1,7,FQinw,344.86686992645264,29,[],[1. 1. 1. 1. 1. 0. 0.],4.584620798581044,"[1.0, 1.0, 1.0, 1.0, 1.0, 0, 0]",4.584620798581044
56,uniform,recursive,COBYLA,1,7,F?zPw,341.4587411880493,29,[],[1. 1. 1. 0. 0. 0. 1.],4.175628727248147,"[1.0, 1.0, 1.0, 0, 0, 0, 1.0]",4.175628727248147
57,uniform,recursive,COBYLA,1,7,FCzcw,327.9141023159027,29,[],[0. 0. 0. 1. 1. 1. 0.],3.607591052789439,"[1.0, 1.0, 1.0, 0, 0, 0, 1.0]",3.607591052789439
58,uniform,recursive,COBYLA,1,7,FCf~w,382.5001368522644,39,[],[1. 1. 1. 1. 1. 0. 0.],5.57664744135078,"[1.0, 1.0, 1.0, 1.0, 1.0, 0, 0]",5.576647441350781
59,uniform,recursive,COBYLA,1,7,F?bro,338.60373091697693,33,[],[0. 0. 0. 0. 1. 1. 1.],2.745242386248179,"[1.0, 1.0, 1.0, 1.0, 0, 0, 0]",2.7452423862481785
60,uniform,recursive,COBYLA,1,8,GCZMY{,427.64829754829407,28,[],[0. 0. 1. 1. 0. 0. 1. 1.],5.291659743114775,"[1.0, 0, 0, 0, 1.0, 0, 0, 1.0]",6.1656518279704855
61,uniform,recursive,COBYLA,1,8,GCqnfc,451.7318272590637,28,[],[1. 0. 0. 0. 1. 0. 1. 1.],5.497646681997324,"[0, 1.0, 1.0, 1.0, 0, 1.0, 0, 0]",5.497646681997324
62,uniform,recursive,COBYLA,1,8,GCrb`o,404.6389904022217,25,[],[1. 0. 0. 0. 0. 0. 1. 1.],5.6966034350462715,"[1.0, 1.0, 1.0, 0, 0, 0, 0, 1.0]",5.746790969279266
63,uniform,recursive,COBYLA,1,8,G?`c^c,444.3349828720093,27,[],[0. 0. 0. 0. 1. 1. 0. 1.],5.456219255426036,"[0, 0, 0, 0, 1.0, 1.0, 0, 1.0]",5.456219255426036
64,uniform,recursive,COBYLA,1,8,GCY^fo,527.6682345867157,30,[],[1. 1. 1. 1. 0. 0. 0. 0.],6.47905728032216,"[1.0, 1.0, 1.0, 1.0, 0, 0, 0, 0]",6.479057280322161
65,uniform,recursive,COBYLA,1,8,G?BDvw,424.13512897491455,28,[],[0. 0. 0. 0. 0. 1. 1. 1.],6.131206333504157,"[1.0, 1.0, 1.0, 1.0, 1.0, 0, 0, 0]",6.1312063335041564
66,uniform,recursive,COBYLA,1,8,GCrrt[,444.260635137558,34,[],[1. 0. 0. 0. 0. 1. 1. 0.],6.832223019458335,"[0, 1.0, 1.0, 1.0, 1.0, 0, 0, 1.0]",6.832223019458334
67,uniform,recursive,COBYLA,1,8,G?`cno,412.2522027492523,27,[],[0. 0. 0. 0. 1. 1. 1. 1.],5.211623763820935,"[1.0, 1.0, 1.0, 1.0, 0, 0, 0, 0]",5.211623763820935
68,uniform,recursive,COBYLA,1,8,G?BDn[,402.4547049999237,26,[],[0. 0. 0. 0. 0. 1. 1. 1.],5.631702624851269,"[0, 0, 0, 1.0, 0, 1.0, 0, 1.0]",5.636585732809579
69,uniform,recursive,COBYLA,1,8,GCRVF[,443.2779984474182,27,[],[1. 1. 1. 0. 0. 0. 0. 0.],6.49004782359108,"[1.0, 1.0, 1.0, 0, 0, 0, 0, 0]",6.49004782359108
70,uniform,recursive,COBYLA,1,8,GCXmf{,442.1899194717407,26,[],[0. 0. 0. 0. 1. 1. 1. 1.],6.856126558148147,"[1.0, 1.0, 1.0, 1.0, 0, 0, 0, 0]",6.856126558148148
71,uniform,recursive,COBYLA,1,8,G?qm]s,479.92176842689514,34,[],[0. 1. 0. 1. 0. 1. 1. 0.],6.047342113736631,"[1.0, 0, 1.0, 0, 1.0, 0, 0, 1.0]",6.047342113736631
72,uniform,recursive,COBYLA,1,8,GEit^[,414.9624409675598,31,[],[1. 1. 0. 0. 1. 1. 0. 0.],7.825567327021968,"[1.0, 1.0, 0, 0, 1.0, 1.0, 0, 0]",7.82556732702197
73,uniform,recursive,COBYLA,1,8,GCXk~{,424.7304890155792,33,[],[0. 1. 1. 1. 1. 0. 1. 0.],6.510915383817326,"[1.0, 0, 0, 0, 0, 1.0, 0, 1.0]",6.510915383817328
74,uniform,recursive,COBYLA,1,8,G?B@~w,436.01260256767273,25,[],[1. 1. 1. 1. 1. 0. 0. 0.],3.93487022973433,"[1.0, 1.0, 1.0, 1.0, 1.0, 0, 0, 0]",3.93487022973433
75,uniform,recursive,COBYLA,1,8,GCznZ{,445.53171038627625,34,[],[1. 0. 1. 0. 1. 0. 0. 1.],7.456502049762939,"[0, 1.0, 0, 1.0, 0, 1.0, 1.0, 0]",7.456502049762939
76,uniform,recursive,COBYLA,1,8,G?BfN{,447.4273850917816,31,[],[1. 0. 1. 1. 1. 0. 1. 0.],3.234348122092194,"[1.0, 0, 1.0, 1.0, 1.0, 0, 1.0, 0]",3.234348122092194
77,uniform,recursive,COBYLA,1,8,G?ovf{,453.63009428977966,28,[],[0. 0. 1. 0. 1. 0. 1. 1.],5.702293400802761,"[1.0, 1.0, 1.0, 1.0, 0, 0, 0, 1.0]",6.242557566308028
78,uniform,recursive,COBYLA,1,8,GCRVfw,434.9934470653534,31,[],[0. 1. 0. 1. 0. 0. 1. 1.],6.562067989037379,"[1.0, 1.0, 1.0, 1.0, 1.0, 0, 0, 0]",6.838899355681476
79,uniform,recursive,COBYLA,1,8,GCZvnk,479.9547264575958,30,[],[1. 1. 1. 0. 0. 1. 0. 0.],5.916122639831603,"[0, 0, 0, 0, 1.0, 0, 1.0, 1.0]",6.559321587398342
80,uniform,recursive,COBYLA,1,9,H?r@fR],529.9156200885773,25,[],[1. 1. 0. 0. 1. 0. 1. 0. 0.],7.291572586098402,"[0, 0, 1.0, 1.0, 0, 1.0, 0, 1.0, 1.0]",7.291572586098401
81,uniform,recursive,COBYLA,1,9,HCQeLr~,565.082174539566,29,[],[0. 1. 0. 0. 0. 1. 0. 1. 1.],7.982304028200669,"[1.0, 0, 1.0, 1.0, 1.0, 0, 1.0, 0, 0]",7.98230402820067
82,uniform,recursive,COBYLA,1,9,H?qlvNx,528.554351568222,27,[],[0. 0. 1. 1. 1. 0. 0. 1. 0.],10.185457194060405,"[0, 0, 1.0, 1.0, 1.0, 0, 0, 1.0, 0]",10.185457194060405
83,uniform,recursive,COBYLA,1,9,HCQbQuv,609.5691301822662,36,[],[1. 1. 1. 0. 0. 1. 0. 1. 0.],7.5035177858151965,"[1.0, 1.0, 1.0, 0, 0, 1.0, 0, 1.0, 0]",7.5035177858151965
84,uniform,recursive,COBYLA,1,9,HCrfZzf,512.6870465278625,28,[],[1. 0. 1. 0. 0. 0. 1. 1. 0.],8.325796434273311,"[1.0, 0, 1.0, 0, 0, 0, 1.0, 1.0, 0]",8.325796434273311
85,uniform,recursive,COBYLA,1,9,H?qbDo~,580.7211318016052,29,[],[1. 0. 1. 1. 1. 0. 0. 0. 1.],6.964792611907766,"[0, 0, 0, 0, 1.0, 1.0, 1.0, 1.0, 0]",7.74764404835377
86,uniform,recursive,COBYLA,1,9,H?`cnd},526.4565551280975,31,[],[0. 1. 1. 1. 1. 0. 1. 0. 0.],8.347116070076547,"[1.0, 0, 0, 0, 0, 1.0, 0, 1.0, 1.0]",8.347116070076549
87,uniform,recursive,COBYLA,1,9,H?`cv`z,576.7501339912415,30,[],[1. 1. 1. 1. 1. 0. 0. 0. 0.],7.425326529469268,"[1.0, 1.0, 1.0, 1.0, 1.0, 0, 0, 0, 0]",7.4253265294692685
88,uniform,recursive,COBYLA,1,9,H?bFUi~,565.4923021793365,31,[],[0. 0. 0. 0. 0. 0. 1. 1. 1.],6.958301324779775,"[1.0, 0, 0, 0, 0, 0, 1.0, 1.0, 1.0]",7.764171831922256
89,uniform,recursive,COBYLA,1,9,HCQTefs,548.1232850551605,34,[],[1. 1. 0. 1. 0. 0. 1. 0. 0.],5.998290126608047,"[1.0, 1.0, 1.0, 1.0, 0, 0, 0, 0, 0]",7.2189069773577765
90,uniform,recursive,COBYLA,1,9,H?`vFVt,496.5530581474304,30,[],[1. 1. 1. 1. 0. 0. 0. 1. 0.],8.044071421187635,"[0, 0, 0, 0, 1.0, 1.0, 1.0, 0, 1.0]",8.044071421187637
91,uniform,recursive,COBYLA,1,9,HCXmfqv,499.94766187667847,29,[],[1. 1. 1. 0. 0. 0. 0. 0. 1.],6.237414002769117,"[1.0, 1.0, 1.0, 0, 1.0, 0, 0, 0, 1.0]",6.533122484141586
92,uniform,recursive,COBYLA,1,9,HCQebj],463.18480706214905,31,[],[0. 0. 0. 0. 1. 1. 1. 1. 1.],6.125951699247246,"[1.0, 1.0, 1.0, 1.0, 0, 0, 0, 0, 0]",6.125951699247246
93,uniform,recursive,COBYLA,1,9,HCQbQpJ,1399.0600390434265,30,[],[0. 1. 0. 1. 0. 1. 1. 0. 1.],4.1928277779034,"[0, 1.0, 1.0, 1.0, 1.0, 1.0, 0, 0, 1.0]",4.211028141743718
94,uniform,recursive,COBYLA,1,9,HCdbFNf,439.60549902915955,32,[],[0. 1. 1. 1. 1. 0. 0. 1. 1.],8.618099618340064,"[0, 1.0, 1.0, 1.0, 1.0, 0, 0, 1.0, 1.0]",8.618099618340064
95,uniform,recursive,COBYLA,1,9,H?`fffj,412.4112973213196,30,[],[1. 1. 1. 1. 1. 0. 0. 0. 0.],6.532236701606372,"[1.0, 1.0, 1.0, 1.0, 1.0, 0, 0, 0, 0]",6.532236701606372
96,uniform,recursive,COBYLA,1,9,H?ovfz{,382.7343053817749,34,[],[0. 0. 0. 0. 1. 0. 1. 1. 1.],8.36843075048951,"[1.0, 1.0, 1.0, 1.0, 0, 1.0, 0, 0, 0]",8.36843075048951
97,uniform,recursive,COBYLA,1,9,HCrM\^~,329.97142577171326,28,[],[0. 0. 1. 0. 1. 1. 1. 0. 0.],8.9078705711107,"[0, 0, 1.0, 1.0, 1.0, 1.0, 1.0, 0, 0]",9.397804657366132
98,uniform,recursive,COBYLA,1,9,H?`fNrt,321.0996735095978,27,[],[0. 1. 0. 0. 1. 0. 1. 0. 1.],6.700219963887311,"[0, 0, 0, 0, 0, 0, 1.0, 1.0, 1.0]",6.784150497834054
99,uniform,recursive,COBYLA,1,9,H?o~FB~,310.9849781990051,29,[],[1. 0. 1. 0. 0. 0. 0. 0. 1.],6.993855304728017,"[0, 0, 0, 1.0, 1.0, 1.0, 1.0, 1.0, 0]",8.466571687859474
0,uniform,recursive,COBYLA,3,5,DFw,248.91664814949036,69,[],[1. 1. 1. 0. 0.],3.3806223225650873,"[1.0, 1.0, 1.0, 0, 0]",3.3806223225650873
1,uniform,recursive,COBYLA,3,5,DUw,280.7164444923401,79,[],[1. 1. 0. 0. 0.],2.8541802014301934,"[1.0, 1.0, 0, 0, 0]",2.8541802014301934
2,uniform,recursive,COBYLA,3,5,DV{,253.47417402267456,69,[],[1. 1. 0. 0. 0.],2.1698107728157328,"[1.0, 1.0, 0, 0, 0]",2.1698107728157328
3,uniform,recursive,COBYLA,3,5,DUW,233.41089034080505,65,[],[0. 0. 1. 1. 0.],2.3896421367549214,"[1.0, 1.0, 0, 0, 1.0]",2.3896421367549214
4,uniform,recursive,COBYLA,3,5,DC{,213.22272419929504,58,[],[1. 1. 1. 1. 0.],3.3768990694203076,"[1.0, 1.0, 1.0, 1.0, 0]",3.376899069420308
5,uniform,recursive,COBYLA,3,5,DCw,206.94153428077698,57,[],[0. 0. 0. 1. 1.],2.6276092605119445,"[0, 0, 0, 1.0, 1.0]",2.6276092605119445
6,uniform,recursive,COBYLA,3,5,D?{,265.99828839302063,74,[],[0. 0. 0. 0. 1.],1.796525413204832,"[1.0, 1.0, 1.0, 1.0, 0]",1.796525413204832
7,uniform,recursive,COBYLA,3,5,DU{,210.30599856376648,57,[],[1. 0. 1. 1. 0.],2.8266443094277287,"[0, 0, 1.0, 1.0, 0]",3.2770562504535663
8,uniform,recursive,COBYLA,3,5,DF{,234.11043334007263,64,[],[0. 0. 0. 1. 1.],3.6259733568120707,"[1.0, 1.0, 1.0, 0, 0]",3.6259733568120702
9,uniform,recursive,COBYLA,3,5,DEw,197.7827491760254,54,[],[1. 1. 1. 0. 0.],2.79081227951738,"[1.0, 1.0, 1.0, 0, 0]",2.79081227951738
10,uniform,recursive,COBYLA,3,5,D]{,275.25590205192566,76,[],[1. 1. 0. 0. 0.],3.876496582736822,"[1.0, 1.0, 0, 0, 0]",3.876496582736822
11,uniform,recursive,COBYLA,3,5,DEk,209.6436448097229,57,[],[0. 1. 0. 0. 1.],2.408056899817945,"[0, 1.0, 0, 0, 1.0]",2.408056899817945
12,uniform,recursive,COBYLA,3,5,D~{,221.2562894821167,60,[],[1. 0. 0. 0. 1.],3.667585436702109,"[1.0, 0, 0, 0, 1.0]",3.667585436702109
13,uniform,recursive,COBYLA,3,5,DQ{,203.83987975120544,55,[],[1. 1. 0. 1. 0.],2.564163070019709,"[1.0, 1.0, 0, 1.0, 0]",2.5641630700197084
14,uniform,recursive,COBYLA,3,5,DQw,235.96445751190186,65,[],[1. 1. 1. 0. 0.],2.1626043644336566,"[1.0, 1.0, 1.0, 0, 0]",2.1626043644336566
15,uniform,recursive,COBYLA,3,5,DE{,253.54895305633545,72,[],[1. 1. 1. 0. 0.],2.986385792249842,"[1.0, 1.0, 1.0, 0, 0]",2.986385792249842
16,uniform,recursive,COBYLA,3,5,DQo,227.0349440574646,66,[],[1. 1. 0. 0. 0.],2.2638996581241804,"[1.0, 1.0, 0, 0, 0]",2.2638996581241804
17,uniform,recursive,COBYLA,3,5,D^{,212.39266204833984,60,[],[1. 1. 0. 0. 1.],3.6726213964092085,"[0, 0, 1.0, 0, 1.0]",3.7724088139805696
18,uniform,recursive,COBYLA,3,5,DT{,231.1060492992401,65,[],[0. 1. 1. 1. 0.],3.1326316820831845,"[0, 1.0, 1.0, 1.0, 0]",3.1326316820831845
19,uniform,recursive,COBYLA,3,5,D]w,231.24143815040588,65,[],[1. 1. 0. 0. 0.],3.520741541536859,"[0, 0, 1.0, 1.0, 1.0]",3.5207415415368595
20,uniform,recursive,COBYLA,3,6,EQyw,431.8480887413025,54,[],[0. 0. 1. 1. 1. 0.],4.432487862987722,"[1.0, 1.0, 0, 0, 0, 1.0]",4.432487862987722
21,uniform,recursive,COBYLA,3,6,E?Bw,525.8871133327484,80,[],[1. 1. 1. 1. 1. 0.],2.762376409118102,"[1.0, 1.0, 1.0, 1.0, 1.0, 0]",2.762376409118102
22,uniform,recursive,COBYLA,3,6,EQzO,409.4598550796509,62,[],[0. 1. 1. 0. 0. 1.],2.1902312099348644,"[0, 1.0, 1.0, 0, 0, 1.0]",2.1902312099348644
23,uniform,recursive,COBYLA,3,6,EEzO,434.8320918083191,59,[],[1. 1. 1. 1. 0. 0.],3.909640658441659,"[1.0, 1.0, 1.0, 1.0, 0, 0]",3.909640658441659
24,uniform,recursive,COBYLA,3,6,ECYW,442.72949385643005,65,[],[1. 0. 0. 0. 1. 0.],3.360984642469548,"[0, 1.0, 1.0, 1.0, 0, 1.0]",3.360984642469548
25,uniform,recursive,COBYLA,3,6,ECvo,460.44175815582275,72,[],[1. 1. 1. 0. 0. 0.],3.4059973213965997,"[1.0, 1.0, 1.0, 0, 0, 0]",3.4059973213965997
26,uniform,recursive,COBYLA,3,6,EC~o,422.50554609298706,61,[],[1. 1. 1. 0. 0. 0.],4.534465996966041,"[1.0, 1.0, 1.0, 0, 0, 0]",4.534465996966041
27,uniform,recursive,COBYLA,3,6,EQj_,495.4191586971283,77,[],[1. 1. 1. 0. 0. 0.],3.831527294929793,"[1.0, 1.0, 1.0, 0, 0, 0]",3.8315272949297934
28,uniform,recursive,COBYLA,3,6,EQzo,387.8538851737976,57,[],[1. 1. 0. 0. 0. 1.],3.3615318010765973,"[1.0, 1.0, 0, 0, 0, 1.0]",3.3615318010765973
29,uniform,recursive,COBYLA,3,6,E?ro,450.0845320224762,68,[],[0. 0. 0. 0. 1. 1.],3.3753362251022683,"[1.0, 1.0, 1.0, 1.0, 0, 0]",3.3753362251022687
30,uniform,recursive,COBYLA,3,6,EEzg,438.80665159225464,63,[],[1. 1. 1. 0. 0. 0.],4.0473123630922165,"[1.0, 1.0, 1.0, 0, 0, 0]",4.047312363092217
31,uniform,recursive,COBYLA,3,6,EEvo,465.28661036491394,72,[],[1. 1. 1. 1. 0. 0.],4.052653453584333,"[1.0, 1.0, 1.0, 1.0, 0, 0]",4.052653453584332
32,uniform,recursive,COBYLA,3,6,EQ~w,408.2836182117462,58,[],[0. 1. 1. 0. 0. 1.],4.5426744272751645,"[0, 1.0, 1.0, 0, 0, 1.0]",4.5426744272751645
33,uniform,recursive,COBYLA,3,6,EErw,473.9213991165161,70,[],[0. 0. 0. 1. 1. 1.],4.357496331029228,"[1.0, 1.0, 1.0, 0, 0, 0]",4.357496331029228
34,uniform,recursive,COBYLA,3,6,EElw,405.8026375770569,54,[],[0. 0. 1. 1. 1. 0.],4.362207498705145,"[1.0, 1.0, 0, 0, 0, 1.0]",4.362207498705146
35,uniform,recursive,COBYLA,3,6,ETzg,428.45920515060425,65,[],[1. 1. 0. 1. 0. 0.],3.7927458827928326,"[1.0, 1.0, 1.0, 0, 0, 0]",4.448333739909218
36,uniform,recursive,COBYLA,3,6,ECqg,442.9530756473541,70,[],[1. 1. 1. 0. 0. 0.],3.162310385565929,"[1.0, 1.0, 1.0, 0, 0, 0]",3.162310385565929
37,uniform,recursive,COBYLA,3,6,EUZw,451.3889048099518,70,[],[0. 0. 0. 1. 1. 1.],4.505484354716582,"[1.0, 1.0, 1.0, 0, 0, 0]",4.5054843547165815
38,uniform,recursive,COBYLA,3,6,EUxo,410.7491669654846,61,[],[1. 1. 1. 0. 0. 0.],4.697701785760335,"[1.0, 1.0, 1.0, 0, 0, 0]",4.697701785760335
39,uniform,recursive,COBYLA,3,6,ECxw,493.79646015167236,69,[],[0. 0. 1. 1. 1. 0.],3.3029330227333347,"[0, 0, 1.0, 1.0, 1.0, 0]",3.3029330227333347
40,uniform,recursive,COBYLA,3,7,FCZTo,792.9818828105927,65,[],[0. 0. 0. 0. 1. 1. 1.],5.174843542202047,"[1.0, 1.0, 1.0, 1.0, 0, 0, 0]",5.174843542202046
41,uniform,recursive,COBYLA,3,7,FCZew,721.2464354038239,64,[],[1. 0. 0. 0. 1. 1. 0.],3.9471197289408133,"[0, 1.0, 1.0, 1.0, 0, 0, 1.0]",3.9471197289408133
42,uniform,recursive,COBYLA,3,7,FCznW,727.1925303936005,77,[],[0. 0. 0. 1. 0. 1. 1.],6.299241994765313,"[1.0, 1.0, 1.0, 0, 1.0, 0, 0]",6.299241994765314
43,uniform,recursive,COBYLA,3,7,F?rvw,670.9647541046143,53,[],[1. 1. 0. 1. 1. 0. 0.],4.33648689363265,"[1.0, 1.0, 1.0, 1.0, 1.0, 0, 0]",5.65914318919514
44,uniform,recursive,COBYLA,3,7,FCpb_,648.4745035171509,69,[],[0. 1. 1. 1. 0. 0. 0.],4.7100521615168285,"[0, 1.0, 1.0, 1.0, 0, 0, 0]",4.7100521615168285
45,uniform,recursive,COBYLA,3,7,FEr^o,694.6827442646027,70,[],[1. 1. 1. 0. 0. 0. 0.],5.482542311332391,"[1.0, 1.0, 1.0, 0, 0, 0, 0]",5.482542311332391
46,uniform,recursive,COBYLA,3,7,F?B~o,720.6480212211609,71,[],[0. 0. 0. 0. 0. 1. 1.],6.311889974632409,"[1.0, 1.0, 1.0, 1.0, 1.0, 0, 0]",6.31188997463241
47,uniform,recursive,COBYLA,3,7,FE~~w,618.6885983943939,58,[],[0. 0. 0. 0. 1. 1. 1.],5.971986933278456,"[0, 0, 0, 0, 1.0, 1.0, 1.0]",5.971986933278456
48,uniform,recursive,COBYLA,3,7,FQjVO,651.8917334079742,63,[],[0. 0. 1. 0. 0. 1. 1.],5.079335829753569,"[0, 0, 1.0, 0, 0, 1.0, 1.0]",5.0793358297535685
49,uniform,recursive,COBYLA,3,7,F?~vw,654.2801895141602,60,[],[1. 1. 1. 1. 0. 0. 0.],6.76637017433752,"[1.0, 1.0, 1.0, 1.0, 0, 0, 0]",6.76637017433752
50,uniform,recursive,COBYLA,3,7,FCOfw,676.2661499977112,75,[],[0. 0. 1. 1. 1. 0. 0.],4.362722409250715,"[0, 0, 1.0, 1.0, 1.0, 0, 0]",4.362722409250715
51,uniform,recursive,COBYLA,3,7,FQzvO,682.2469415664673,67,[],[0. 0. 1. 1. 0. 1. 1.],5.380579131056418,"[0, 0, 1.0, 0, 0, 1.0, 1.0]",5.546261575784191
52,uniform,recursive,COBYLA,3,7,FQjdg,678.0521142482758,66,[],[1. 0. 0. 1. 0. 1. 0.],4.435975452335594,"[1.0, 0, 0, 1.0, 0, 1.0, 0]",4.435975452335594
53,uniform,recursive,COBYLA,3,7,FCR`w,698.9939520359039,64,[],[1. 1. 0. 0. 0. 0. 1.],5.118085139391459,"[0, 0, 1.0, 1.0, 1.0, 1.0, 0]",5.11808513939146
54,uniform,recursive,COBYLA,3,7,F~~~w,653.9381904602051,64,[],[1. 1. 0. 0. 1. 1. 0.],7.632510861100365,"[0, 0, 1.0, 1.0, 0, 0, 1.0]",7.632510861100366
55,uniform,recursive,COBYLA,3,7,FQinw,626.5439839363098,60,[],[0. 0. 0. 0. 0. 1. 1.],4.584620798581043,"[1.0, 1.0, 1.0, 1.0, 1.0, 0, 0]",4.584620798581044
56,uniform,recursive,COBYLA,3,7,F?zPw,694.4929313659668,75,[],[0. 0. 0. 0. 1. 1. 1.],3.9535311012285828,"[1.0, 1.0, 1.0, 0, 0, 0, 1.0]",4.175628727248147
57,uniform,recursive,COBYLA,3,7,FCzcw,690.1508638858795,86,[],[1. 1. 1. 0. 0. 0. 1.],3.6075910527894384,"[1.0, 1.0, 1.0, 0, 0, 0, 1.0]",3.607591052789439
58,uniform,recursive,COBYLA,3,7,FCf~w,639.5561428070068,62,[],[1. 1. 1. 0. 1. 0. 0.],5.488661764849806,"[1.0, 1.0, 1.0, 1.0, 1.0, 0, 0]",5.576647441350781
59,uniform,recursive,COBYLA,3,7,F?bro,610.8445851802826,57,[],[0. 0. 0. 0. 1. 1. 1.],2.745242386248179,"[1.0, 1.0, 1.0, 1.0, 0, 0, 0]",2.7452423862481785
60,uniform,recursive,COBYLA,3,8,GCZMY{,778.9265599250793,56,[],[1. 0. 0. 0. 1. 0. 0. 1.],6.1656518279704855,"[1.0, 0, 0, 0, 1.0, 0, 0, 1.0]",6.1656518279704855
61,uniform,recursive,COBYLA,3,8,GCqnfc,879.2120809555054,67,[],[1. 0. 0. 0. 1. 0. 1. 1.],5.497646681997324,"[0, 1.0, 1.0, 1.0, 0, 1.0, 0, 0]",5.497646681997324
62,uniform,recursive,COBYLA,3,8,GCrb`o,832.2219278812408,61,[],[1. 1. 1. 0. 0. 0. 0. 1.],5.7467909692792665,"[1.0, 1.0, 1.0, 0, 0, 0, 0, 1.0]",5.746790969279266
63,uniform,recursive,COBYLA,3,8,G?`c^c,757.5007541179657,67,[],[0. 0. 0. 0. 1. 1. 0. 1.],5.456219255426036,"[0, 0, 0, 0, 1.0, 1.0, 0, 1.0]",5.456219255426036
64,uniform,recursive,COBYLA,3,8,GCY^fo,769.378015756607,59,[],[0. 0. 1. 0. 0. 1. 1. 1.],5.98317819235964,"[1.0, 1.0, 1.0, 1.0, 0, 0, 0, 0]",6.479057280322161
65,uniform,recursive,COBYLA,3,8,G?BDvw,774.5919573307037,59,[],[0. 0. 0. 0. 0. 1. 1. 1.],6.131206333504157,"[1.0, 1.0, 1.0, 1.0, 1.0, 0, 0, 0]",6.1312063335041564
66,uniform,recursive,COBYLA,3,8,GCrrt[,868.6977636814117,60,[],[1. 0. 0. 0. 0. 1. 1. 0.],6.832223019458335,"[0, 1.0, 1.0, 1.0, 1.0, 0, 0, 1.0]",6.832223019458334
67,uniform,recursive,COBYLA,3,8,G?`cno,750.919771194458,61,[],[0. 0. 0. 0. 0. 1. 1. 1.],5.180487905455033,"[1.0, 1.0, 1.0, 1.0, 0, 0, 0, 0]",5.211623763820935
68,uniform,recursive,COBYLA,3,8,G?BDn[,828.055962562561,78,[],[1. 1. 1. 0. 1. 0. 1. 0.],5.636585732809579,"[0, 0, 0, 1.0, 0, 1.0, 0, 1.0]",5.636585732809579
69,uniform,recursive,COBYLA,3,8,GCRVF[,866.2353734970093,61,[],[1. 1. 1. 0. 0. 0. 0. 0.],6.49004782359108,"[1.0, 1.0, 1.0, 0, 0, 0, 0, 0]",6.49004782359108
70,uniform,recursive,COBYLA,3,8,GCXmf{,848.2412269115448,62,[],[1. 0. 0. 0. 1. 1. 0. 1.],6.183161023230477,"[1.0, 1.0, 1.0, 1.0, 0, 0, 0, 0]",6.856126558148148
71,uniform,recursive,COBYLA,3,8,G?qm]s,770.159746170044,55,[],[0. 0. 1. 0. 0. 1. 1. 1.],5.721884155250616,"[1.0, 0, 1.0, 0, 1.0, 0, 0, 1.0]",6.047342113736631
72,uniform,recursive,COBYLA,3,8,GEit^[,925.4757266044617,61,[],[1. 1. 0. 0. 1. 1. 0. 0.],7.825567327021968,"[1.0, 1.0, 0, 0, 1.0, 1.0, 0, 0]",7.82556732702197
73,uniform,recursive,COBYLA,3,8,GCXk~{,975.5963308811188,75,[],[1. 0. 0. 0. 0. 1. 0. 1.],6.510915383817327,"[1.0, 0, 0, 0, 0, 1.0, 0, 1.0]",6.510915383817328
74,uniform,recursive,COBYLA,3,8,G?B@~w,964.0218849182129,69,[],[1. 1. 1. 1. 1. 0. 0. 0.],3.93487022973433,"[1.0, 1.0, 1.0, 1.0, 1.0, 0, 0, 0]",3.93487022973433
75,uniform,recursive,COBYLA,3,8,GCznZ{,1078.2851779460907,76,[],[1. 0. 1. 0. 1. 0. 0. 1.],7.456502049762939,"[0, 1.0, 0, 1.0, 0, 1.0, 1.0, 0]",7.456502049762939
76,uniform,recursive,COBYLA,3,8,G?BfN{,1068.0449225902557,56,[],[1. 1. 0. 1. 0. 0. 0. 1.],2.610719111958363,"[1.0, 0, 1.0, 1.0, 1.0, 0, 1.0, 0]",3.234348122092194
77,uniform,recursive,COBYLA,3,8,G?ovf{,1119.8401792049408,60,[],[0. 0. 0. 0. 1. 1. 1. 0.],6.242557566308028,"[1.0, 1.0, 1.0, 1.0, 0, 0, 0, 1.0]",6.242557566308028
78,uniform,recursive,COBYLA,3,8,GCRVfw,1128.135822057724,80,[],[1. 1. 1. 1. 1. 0. 0. 0.],6.838899355681475,"[1.0, 1.0, 1.0, 1.0, 1.0, 0, 0, 0]",6.838899355681476
79,uniform,recursive,COBYLA,3,8,GCZvnk,1063.1114077568054,61,[],[1. 0. 0. 0. 1. 1. 1. 0.],6.12368643781876,"[0, 0, 0, 0, 1.0, 0, 1.0, 1.0]",6.559321587398342
80,uniform,recursive,COBYLA,3,9,H?r@fR],1372.1266400814056,63,[],[1. 1. 0. 0. 1. 0. 1. 0. 0.],7.291572586098402,"[0, 0, 1.0, 1.0, 0, 1.0, 0, 1.0, 1.0]",7.291572586098401
81,uniform,recursive,COBYLA,3,9,HCQeLr~,1512.949505329132,67,[],[1. 0. 1. 1. 1. 0. 1. 0. 0.],7.982304028200669,"[1.0, 0, 1.0, 1.0, 1.0, 0, 1.0, 0, 0]",7.98230402820067
82,uniform,recursive,COBYLA,3,9,H?qlvNx,1307.949866771698,66,[],[1. 0. 0. 0. 0. 1. 1. 0. 1.],8.977545450420934,"[0, 0, 1.0, 1.0, 1.0, 0, 0, 1.0, 0]",10.185457194060405
83,uniform,recursive,COBYLA,3,9,HCQbQuv,1347.0802369117737,72,[],[0. 0. 0. 1. 1. 0. 1. 0. 1.],7.5035177858151965,"[1.0, 1.0, 1.0, 0, 0, 1.0, 0, 1.0, 0]",7.5035177858151965
84,uniform,recursive,COBYLA,3,9,HCrfZzf,1416.3009564876556,65,[],[1. 1. 1. 0. 0. 0. 1. 1. 0.],8.033912627316202,"[1.0, 0, 1.0, 0, 0, 0, 1.0, 1.0, 0]",8.325796434273311
85,uniform,recursive,COBYLA,3,9,H?qbDo~,1488.4305682182312,76,[],[1. 1. 1. 1. 0. 0. 0. 0. 1.],7.747644048353771,"[0, 0, 0, 0, 1.0, 1.0, 1.0, 1.0, 0]",7.74764404835377
86,uniform,recursive,COBYLA,3,9,H?`cnd},1252.827287197113,71,[],[0. 0. 1. 1. 1. 1. 1. 0. 0.],7.0159575990560645,"[1.0, 0, 0, 0, 0, 1.0, 0, 1.0, 1.0]",8.347116070076549
87,uniform,recursive,COBYLA,3,9,H?`cv`z,1227.7037942409515,62,[],[0. 0. 0. 0. 0. 1. 1. 1. 1.],7.4253265294692685,"[1.0, 1.0, 1.0, 1.0, 1.0, 0, 0, 0, 0]",7.4253265294692685
88,uniform,recursive,COBYLA,3,9,H?bFUi~,1235.8816747665405,66,[],[1. 1. 1. 1. 0. 0. 0. 0. 1.],6.539145153556978,"[1.0, 0, 0, 0, 0, 0, 1.0, 1.0, 1.0]",7.764171831922256
89,uniform,recursive,COBYLA,3,9,HCQTefs,1288.7470569610596,75,[],[0. 0. 0. 0. 1. 1. 1. 1. 1.],7.2189069773577765,"[1.0, 1.0, 1.0, 1.0, 0, 0, 0, 0, 0]",7.2189069773577765
90,uniform,recursive,COBYLA,3,9,H?`vFVt,1125.8487701416016,72,[],[1. 0. 0. 1. 0. 1. 0. 1. 0.],7.4883608596468045,"[0, 0, 0, 0, 1.0, 1.0, 1.0, 0, 1.0]",8.044071421187637
91,uniform,recursive,COBYLA,3,9,HCXmfqv,1060.8243622779846,67,[],[1. 1. 1. 0. 1. 0. 0. 0. 1.],6.533122484141585,"[1.0, 1.0, 1.0, 0, 1.0, 0, 0, 0, 1.0]",6.533122484141586
92,uniform,recursive,COBYLA,3,9,HCQebj],1022.4183354377747,59,[],[1. 0. 1. 0. 1. 0. 1. 1. 1.],5.597814705699933,"[1.0, 1.0, 1.0, 1.0, 0, 0, 0, 0, 0]",6.125951699247246
93,uniform,recursive,COBYLA,3,9,HCQbQpJ,4120.223026752472,63,[],[1. 0. 0. 0. 0. 0. 1. 1. 0.],4.211028141743718,"[0, 1.0, 1.0, 1.0, 1.0, 1.0, 0, 0, 1.0]",4.211028141743718
94,uniform,recursive,COBYLA,3,9,HCdbFNf,949.0355553627014,58,[],[0. 1. 1. 0. 1. 0. 0. 1. 1.],8.088873467039946,"[0, 1.0, 1.0, 1.0, 1.0, 0, 0, 1.0, 1.0]",8.618099618340064
95,uniform,recursive,COBYLA,3,9,H?`fffj,786.0188066959381,73,[],[0. 1. 1. 1. 1. 1. 0. 0. 0.],5.311158900724077,"[1.0, 1.0, 1.0, 1.0, 1.0, 0, 0, 0, 0]",6.532236701606372
96,uniform,recursive,COBYLA,3,9,H?ovfz{,751.7258365154266,67,[],[0. 0. 1. 1. 1. 0. 1. 1. 1.],7.1300307778783205,"[1.0, 1.0, 1.0, 1.0, 0, 1.0, 0, 0, 0]",8.36843075048951
97,uniform,recursive,COBYLA,3,9,HCrM\^~,740.4868893623352,61,[],[0. 1. 1. 0. 0. 1. 0. 0. 1.],8.491358179459368,"[0, 0, 1.0, 1.0, 1.0, 1.0, 1.0, 0, 0]",9.397804657366132
98,uniform,recursive,COBYLA,3,9,H?`fNrt,718.7592701911926,73,[],[0. 0. 0. 0. 0. 0. 1. 1. 1.],6.784150497834054,"[0, 0, 0, 0, 0, 0, 1.0, 1.0, 1.0]",6.784150497834054
99,uniform,recursive,COBYLA,3,9,H?o~FB~,648.0420117378235,69,[],[1. 1. 0. 0. 0. 0. 0. 0. 1.],8.05811314975848,"[0, 0, 0, 1.0, 1.0, 1.0, 1.0, 1.0, 0]",8.466571687859474
0,uniform,recursive,COBYQA,3,5,DFw,388.16813135147095,112,[],[1. 1. 1. 0. 0.],3.3806223225650873,"[1.0, 1.0, 1.0, 0, 0]",3.3806223225650873
1,uniform,recursive,COBYQA,3,5,DUw,374.26025342941284,107,[],[1. 1. 0. 0. 0.],2.8541802014301934,"[1.0, 1.0, 0, 0, 0]",2.8541802014301934
2,uniform,recursive,COBYQA,3,5,DV{,387.38200759887695,111,[],[1. 1. 0. 0. 0.],2.1698107728157328,"[1.0, 1.0, 0, 0, 0]",2.1698107728157328
3,uniform,recursive,COBYQA,3,5,DUW,358.29457545280457,104,[],[0. 0. 1. 1. 0.],2.3896421367549214,"[1.0, 1.0, 0, 0, 1.0]",2.3896421367549214
4,uniform,recursive,COBYQA,3,5,DC{,384.9486448764801,111,[],[1. 1. 1. 1. 0.],3.3768990694203076,"[1.0, 1.0, 1.0, 1.0, 0]",3.376899069420308
5,uniform,recursive,COBYQA,3,5,DCw,402.04276871681213,121,[],[0. 0. 0. 1. 1.],2.6276092605119445,"[0, 0, 0, 1.0, 1.0]",2.6276092605119445
6,uniform,recursive,COBYQA,3,5,D?{,366.60421872138977,108,[],[1. 1. 1. 1. 0.],1.796525413204832,"[1.0, 1.0, 1.0, 1.0, 0]",1.796525413204832
7,uniform,recursive,COBYQA,3,5,DU{,388.34128427505493,111,[],[0. 0. 1. 1. 0.],3.2770562504535663,"[0, 0, 1.0, 1.0, 0]",3.2770562504535663
8,uniform,recursive,COBYQA,3,5,DF{,363.70906829833984,104,[],[1. 1. 1. 0. 0.],3.6259733568120702,"[1.0, 1.0, 1.0, 0, 0]",3.6259733568120702
9,uniform,recursive,COBYQA,3,5,DEw,373.1294412612915,109,[],[1. 1. 1. 0. 0.],2.79081227951738,"[1.0, 1.0, 1.0, 0, 0]",2.79081227951738
10,uniform,recursive,COBYQA,3,5,D]{,389.75528621673584,113,[],[1. 1. 0. 0. 0.],3.876496582736822,"[1.0, 1.0, 0, 0, 0]",3.876496582736822
11,uniform,recursive,COBYQA,3,5,DEk,364.37566089630127,106,[],[0. 1. 0. 0. 1.],2.408056899817945,"[0, 1.0, 0, 0, 1.0]",2.408056899817945
12,uniform,recursive,COBYQA,3,5,D~{,372.5589382648468,108,[],[1. 0. 0. 0. 1.],3.667585436702109,"[1.0, 0, 0, 0, 1.0]",3.667585436702109
13,uniform,recursive,COBYQA,3,5,DQ{,363.6114594936371,106,[],[1. 1. 0. 1. 0.],2.564163070019709,"[1.0, 1.0, 0, 1.0, 0]",2.5641630700197084
14,uniform,recursive,COBYQA,3,5,DQw,388.0515742301941,113,[],[1. 1. 1. 0. 0.],2.1626043644336566,"[1.0, 1.0, 1.0, 0, 0]",2.1626043644336566
15,uniform,recursive,COBYQA,3,5,DE{,376.3045811653137,110,[],[1. 1. 1. 0. 0.],2.986385792249842,"[1.0, 1.0, 1.0, 0, 0]",2.986385792249842
16,uniform,recursive,COBYQA,3,5,DQo,392.8873107433319,117,[],[1. 1. 0. 0. 0.],2.2638996581241804,"[1.0, 1.0, 0, 0, 0]",2.2638996581241804
17,uniform,recursive,COBYQA,3,5,D^{,368.0919337272644,106,[],[0. 0. 1. 0. 1.],3.7724088139805696,"[0, 0, 1.0, 0, 1.0]",3.7724088139805696
18,uniform,recursive,COBYQA,3,5,DT{,362.019677400589,106,[],[0. 1. 1. 1. 0.],3.1326316820831845,"[0, 1.0, 1.0, 1.0, 0]",3.1326316820831845
19,uniform,recursive,COBYQA,3,5,D]w,376.5238573551178,110,[],[1. 1. 0. 0. 0.],3.520741541536859,"[0, 0, 1.0, 1.0, 1.0]",3.5207415415368595
20,uniform,recursive,COBYQA,3,6,EQyw,767.2014484405518,110,[],[0. 0. 1. 1. 1. 0.],4.432487862987722,"[1.0, 1.0, 0, 0, 0, 1.0]",4.432487862987722
21,uniform,recursive,COBYQA,3,6,E?Bw,743.0918939113617,107,[],[1. 1. 1. 1. 1. 0.],2.762376409118102,"[1.0, 1.0, 1.0, 1.0, 1.0, 0]",2.762376409118102
22,uniform,recursive,COBYQA,3,6,EQzO,736.9159917831421,107,[],[0. 1. 1. 0. 0. 1.],2.1902312099348644,"[0, 1.0, 1.0, 0, 0, 1.0]",2.1902312099348644
23,uniform,recursive,COBYQA,3,6,EEzO,822.8644075393677,126,[],[1. 1. 1. 1. 0. 0.],3.909640658441659,"[1.0, 1.0, 1.0, 1.0, 0, 0]",3.909640658441659
24,uniform,recursive,COBYQA,3,6,ECYW,837.7733907699585,114,[],[1. 0. 0. 0. 1. 0.],3.360984642469548,"[0, 1.0, 1.0, 1.0, 0, 1.0]",3.360984642469548
25,uniform,recursive,COBYQA,3,6,ECvo,733.9657917022705,109,[],[1. 1. 1. 0. 0. 0.],3.4059973213965997,"[1.0, 1.0, 1.0, 0, 0, 0]",3.4059973213965997
26,uniform,recursive,COBYQA,3,6,EC~o,774.879302740097,122,[],[1. 1. 1. 0. 0. 0.],4.534465996966041,"[1.0, 1.0, 1.0, 0, 0, 0]",4.534465996966041
27,uniform,recursive,COBYQA,3,6,EQj_,764.4324555397034,107,[],[1. 0. 1. 1. 0. 0.],3.2767032698572613,"[1.0, 1.0, 1.0, 0, 0, 0]",3.8315272949297934
28,uniform,recursive,COBYQA,3,6,EQzo,772.5025873184204,111,[],[1. 1. 0. 0. 0. 1.],3.3615318010765973,"[1.0, 1.0, 0, 0, 0, 1.0]",3.3615318010765973
29,uniform,recursive,COBYQA,3,6,E?ro,732.171870470047,110,[],[1. 1. 1. 1. 0. 0.],3.3753362251022687,"[1.0, 1.0, 1.0, 1.0, 0, 0]",3.3753362251022687
30,uniform,recursive,COBYQA,3,6,EEzg,784.9556894302368,120,[],[1. 1. 1. 0. 0. 0.],4.0473123630922165,"[1.0, 1.0, 1.0, 0, 0, 0]",4.047312363092217
31,uniform,recursive,COBYQA,3,6,EEvo,777.1176445484161,114,[],[1. 1. 1. 1. 0. 0.],4.052653453584333,"[1.0, 1.0, 1.0, 1.0, 0, 0]",4.052653453584332
32,uniform,recursive,COBYQA,3,6,EQ~w,705.2829694747925,105,[],[0. 1. 1. 0. 0. 1.],4.5426744272751645,"[0, 1.0, 1.0, 0, 0, 1.0]",4.5426744272751645
33,uniform,recursive,COBYQA,3,6,EErw,807.6821796894073,106,[],[0. 0. 0. 1. 1. 1.],4.357496331029228,"[1.0, 1.0, 1.0, 0, 0, 0]",4.357496331029228
34,uniform,recursive,COBYQA,3,6,EElw,719.9835302829742,105,[],[1. 1. 1. 0. 1. 0.],4.320739614194345,"[1.0, 1.0, 0, 0, 0, 1.0]",4.362207498705146
35,uniform,recursive,COBYQA,3,6,ETzg,761.9525008201599,121,[],[0. 1. 0. 1. 1. 1.],3.3735677163171536,"[1.0, 1.0, 1.0, 0, 0, 0]",4.448333739909218
36,uniform,recursive,COBYQA,3,6,ECqg,769.6061980724335,113,[],[1. 1. 1. 0. 0. 0.],3.162310385565929,"[1.0, 1.0, 1.0, 0, 0, 0]",3.162310385565929
37,uniform,recursive,COBYQA,3,6,EUZw,791.0832223892212,113,[],[0. 0. 0. 1. 1. 1.],4.505484354716582,"[1.0, 1.0, 1.0, 0, 0, 0]",4.5054843547165815
38,uniform,recursive,COBYQA,3,6,EUxo,749.4923965930939,116,[],[1. 1. 1. 0. 0. 0.],4.697701785760335,"[1.0, 1.0, 1.0, 0, 0, 0]",4.697701785760335
39,uniform,recursive,COBYQA,3,6,ECxw,727.6636953353882,108,[],[0. 0. 1. 1. 1. 0.],3.3029330227333347,"[0, 0, 1.0, 1.0, 1.0, 0]",3.3029330227333347
40,uniform,recursive,COBYQA,3,7,FCZTo,1186.2443797588348,107,[],[0. 0. 0. 0. 1. 1. 1.],5.174843542202047,"[1.0, 1.0, 1.0, 1.0, 0, 0, 0]",5.174843542202046
41,uniform,recursive,COBYQA,3,7,FCZew,1099.7822613716125,119,[],[1. 0. 0. 0. 1. 1. 0.],3.9471197289408133,"[0, 1.0, 1.0, 1.0, 0, 0, 1.0]",3.9471197289408133
42,uniform,recursive,COBYQA,3,7,FCznW,1089.572942495346,105,[],[1. 1. 1. 0. 1. 0. 0.],6.299241994765314,"[1.0, 1.0, 1.0, 0, 1.0, 0, 0]",6.299241994765314
43,uniform,recursive,COBYQA,3,7,F?rvw,1106.2510788440704,118,[],[1. 1. 1. 0. 1. 0. 0.],4.948903263560855,"[1.0, 1.0, 1.0, 1.0, 1.0, 0, 0]",5.65914318919514
44,uniform,recursive,COBYQA,3,7,FCpb_,1130.8739292621613,114,[],[0. 1. 1. 1. 0. 0. 0.],4.7100521615168285,"[0, 1.0, 1.0, 1.0, 0, 0, 0]",4.7100521615168285
45,uniform,recursive,COBYQA,3,7,FEr^o,1085.6287887096405,112,[],[1. 1. 0. 0. 0. 1. 1.],5.026029862262189,"[1.0, 1.0, 1.0, 0, 0, 0, 0]",5.482542311332391
46,uniform,recursive,COBYQA,3,7,F?B~o,1125.115783214569,110,[],[0. 0. 0. 0. 0. 1. 1.],6.311889974632409,"[1.0, 1.0, 1.0, 1.0, 1.0, 0, 0]",6.31188997463241
47,uniform,recursive,COBYQA,3,7,FE~~w,1140.6712033748627,116,[],[0. 0. 1. 0. 0. 1. 1.],5.086889941821159,"[0, 0, 0, 0, 1.0, 1.0, 1.0]",5.971986933278456
48,uniform,recursive,COBYQA,3,7,FQjVO,1182.2335567474365,130,[],[1. 1. 0. 1. 1. 0. 0.],5.079335829753568,"[0, 0, 1.0, 0, 0, 1.0, 1.0]",5.0793358297535685
49,uniform,recursive,COBYQA,3,7,F?~vw,1113.7396681308746,109,[],[1. 1. 1. 1. 0. 0. 0.],6.76637017433752,"[1.0, 1.0, 1.0, 1.0, 0, 0, 0]",6.76637017433752
50,uniform,recursive,COBYQA,3,7,FCOfw,1114.1665003299713,124,[],[1. 1. 0. 0. 0. 1. 1.],4.362722409250715,"[0, 0, 1.0, 1.0, 1.0, 0, 0]",4.362722409250715
51,uniform,recursive,COBYQA,3,7,FQzvO,1183.5407841205597,122,[],[1. 1. 0. 1. 1. 0. 0.],5.5462615757841895,"[0, 0, 1.0, 0, 0, 1.0, 1.0]",5.546261575784191
52,uniform,recursive,COBYQA,3,7,FQjdg,1187.4067904949188,120,[],[0. 1. 1. 0. 1. 0. 1.],4.435975452335593,"[1.0, 0, 0, 1.0, 0, 1.0, 0]",4.435975452335594
53,uniform,recursive,COBYQA,3,7,FCR`w,1093.1463069915771,106,[],[1. 1. 0. 0. 0. 0. 1.],5.118085139391459,"[0, 0, 1.0, 1.0, 1.0, 1.0, 0]",5.11808513939146
54,uniform,recursive,COBYQA,3,7,F~~~w,1070.661565065384,105,[],[0. 0. 0. 0. 1. 1. 1.],7.232787334325534,"[0, 0, 1.0, 1.0, 0, 0, 1.0]",7.632510861100366
55,uniform,recursive,COBYQA,3,7,FQinw,1092.9583995342255,121,[],[0. 0. 0. 0. 0. 1. 1.],4.584620798581043,"[1.0, 1.0, 1.0, 1.0, 1.0, 0, 0]",4.584620798581044
56,uniform,recursive,COBYQA,3,7,F?zPw,1061.334018945694,110,[],[1. 1. 1. 0. 0. 0. 1.],4.175628727248147,"[1.0, 1.0, 1.0, 0, 0, 0, 1.0]",4.175628727248147
57,uniform,recursive,COBYQA,3,7,FCzcw,1124.0862200260162,110,[],[0. 0. 0. 1. 1. 1. 0.],3.607591052789439,"[1.0, 1.0, 1.0, 0, 0, 0, 1.0]",3.607591052789439
58,uniform,recursive,COBYQA,3,7,FCf~w,1137.7761011123657,119,[],[0. 0. 0. 1. 0. 1. 1.],5.488661764849807,"[1.0, 1.0, 1.0, 1.0, 1.0, 0, 0]",5.576647441350781
59,uniform,recursive,COBYQA,3,7,F?bro,1046.0947668552399,106,[],[0. 0. 0. 0. 1. 1. 1.],2.745242386248179,"[1.0, 1.0, 1.0, 1.0, 0, 0, 0]",2.7452423862481785
60,uniform,recursive,COBYQA,3,8,GCZMY{,1434.274093389511,112,[],[1. 0. 0. 0. 1. 0. 0. 1.],6.1656518279704855,"[1.0, 0, 0, 0, 1.0, 0, 0, 1.0]",6.1656518279704855
61,uniform,recursive,COBYQA,3,8,GCqnfc,1378.7666902542114,104,[],[1. 0. 1. 0. 1. 0. 0. 1.],5.186301416963396,"[0, 1.0, 1.0, 1.0, 0, 1.0, 0, 0]",5.497646681997324
62,uniform,recursive,COBYQA,3,8,GCrb`o,1562.4465663433075,127,[],[1. 0. 0. 0. 0. 0. 1. 1.],5.6966034350462715,"[1.0, 1.0, 1.0, 0, 0, 0, 0, 1.0]",5.746790969279266
63,uniform,recursive,COBYQA,3,8,G?`c^c,1458.0982604026794,109,[],[0. 0. 0. 0. 1. 1. 0. 1.],5.456219255426036,"[0, 0, 0, 0, 1.0, 1.0, 0, 1.0]",5.456219255426036
64,uniform,recursive,COBYQA,3,8,GCY^fo,1423.12216258049,108,[],[0. 0. 0. 0. 1. 1. 1. 1.],6.47905728032216,"[1.0, 1.0, 1.0, 1.0, 0, 0, 0, 0]",6.479057280322161
65,uniform,recursive,COBYQA,3,8,G?BDvw,1503.0232288837433,126,[],[0. 0. 0. 0. 0. 1. 1. 1.],6.131206333504157,"[1.0, 1.0, 1.0, 1.0, 1.0, 0, 0, 0]",6.1312063335041564
66,uniform,recursive,COBYQA,3,8,GCrrt[,1490.6093690395355,115,[],[0. 1. 1. 1. 1. 0. 0. 1.],6.8322230194583335,"[0, 1.0, 1.0, 1.0, 1.0, 0, 0, 1.0]",6.832223019458334
67,uniform,recursive,COBYQA,3,8,G?`cno,1424.5856795310974,108,[],[1. 0. 0. 0. 0. 1. 0. 1.],4.9526491842997284,"[1.0, 1.0, 1.0, 1.0, 0, 0, 0, 0]",5.211623763820935
68,uniform,recursive,COBYQA,3,8,G?BDn[,1449.9290652275085,104,[],[1. 1. 1. 0. 1. 0. 1. 0.],5.636585732809579,"[0, 0, 0, 1.0, 0, 1.0, 0, 1.0]",5.636585732809579
69,uniform,recursive,COBYQA,3,8,GCRVF[,1450.2087371349335,112,[],[1. 1. 1. 0. 0. 0. 0. 0.],6.49004782359108,"[1.0, 1.0, 1.0, 0, 0, 0, 0, 0]",6.49004782359108
70,uniform,recursive,COBYQA,3,8,GCXmf{,1537.029533147812,121,[],[1. 1. 1. 1. 0. 0. 0. 0.],6.856126558148148,"[1.0, 1.0, 1.0, 1.0, 0, 0, 0, 0]",6.856126558148148
71,uniform,recursive,COBYQA,3,8,G?qm]s,1420.9398787021637,104,[],[1. 1. 0. 1. 0. 1. 0. 0.],5.924177084568271,"[1.0, 0, 1.0, 0, 1.0, 0, 0, 1.0]",6.047342113736631
72,uniform,recursive,COBYQA,3,8,GEit^[,1498.5192511081696,106,[],[0. 0. 1. 1. 0. 0. 1. 1.],7.825567327021971,"[1.0, 1.0, 0, 0, 1.0, 1.0, 0, 0]",7.82556732702197
73,uniform,recursive,COBYQA,3,8,GCXk~{,1506.259211063385,116,[],[0. 1. 1. 1. 1. 0. 1. 0.],6.510915383817326,"[1.0, 0, 0, 0, 0, 1.0, 0, 1.0]",6.510915383817328
74,uniform,recursive,COBYQA,3,8,G?B@~w,1469.448076725006,106,[],[1. 1. 1. 1. 1. 0. 0. 0.],3.93487022973433,"[1.0, 1.0, 1.0, 1.0, 1.0, 0, 0, 0]",3.93487022973433
75,uniform,recursive,COBYQA,3,8,GCznZ{,1610.4729874134064,112,[],[1. 0. 1. 0. 1. 0. 0. 1.],7.456502049762939,"[0, 1.0, 0, 1.0, 0, 1.0, 1.0, 0]",7.456502049762939
76,uniform,recursive,COBYQA,3,8,G?BfN{,1621.127777814865,107,[],[0. 1. 0. 0. 0. 1. 0. 1.],3.234348122092194,"[1.0, 0, 1.0, 1.0, 1.0, 0, 1.0, 0]",3.234348122092194
77,uniform,recursive,COBYQA,3,8,G?ovf{,1570.8700740337372,112,[],[0. 0. 0. 0. 1. 0. 1. 1.],5.800663204087005,"[1.0, 1.0, 1.0, 1.0, 0, 0, 0, 1.0]",6.242557566308028
78,uniform,recursive,COBYQA,3,8,GCRVfw,1676.2058217525482,110,[],[1. 1. 1. 1. 1. 0. 0. 0.],6.838899355681475,"[1.0, 1.0, 1.0, 1.0, 1.0, 0, 0, 0]",6.838899355681476
79,uniform,recursive,COBYQA,3,8,GCZvnk,1702.6125757694244,115,[],[0. 0. 0. 0. 1. 0. 1. 1.],6.559321587398342,"[0, 0, 0, 0, 1.0, 0, 1.0, 1.0]",6.559321587398342
80,uniform,recursive,COBYQA,3,9,H?r@fR],2065.123044729233,116,[],[0. 0. 1. 1. 0. 0. 0. 1. 1.],6.261443107645433,"[0, 0, 1.0, 1.0, 0, 1.0, 0, 1.0, 1.0]",7.291572586098401
81,uniform,recursive,COBYQA,3,9,HCQeLr~,2139.3080439567566,109,[],[0. 1. 0. 0. 0. 1. 0. 1. 1.],7.982304028200669,"[1.0, 0, 1.0, 1.0, 1.0, 0, 1.0, 0, 0]",7.98230402820067
82,uniform,recursive,COBYQA,3,9,H?qlvNx,2224.2959809303284,112,[],[0. 0. 1. 1. 1. 0. 0. 1. 0.],10.185457194060405,"[0, 0, 1.0, 1.0, 1.0, 0, 0, 1.0, 0]",10.185457194060405
83,uniform,recursive,COBYQA,3,9,HCQbQuv,2067.517058134079,109,[],[0. 0. 0. 1. 1. 0. 1. 0. 1.],7.5035177858151965,"[1.0, 1.0, 1.0, 0, 0, 1.0, 0, 1.0, 0]",7.5035177858151965
84,uniform,recursive,COBYQA,3,9,HCrfZzf,2118.642464876175,108,[],[0. 0. 0. 1. 0. 0. 1. 1. 1.],7.776929729244644,"[1.0, 0, 1.0, 0, 0, 0, 1.0, 1.0, 0]",8.325796434273311
85,uniform,recursive,COBYQA,3,9,H?qbDo~,2045.00168800354,107,[],[0. 0. 0. 0. 1. 1. 1. 1. 0.],7.74764404835377,"[0, 0, 0, 0, 1.0, 1.0, 1.0, 1.0, 0]",7.74764404835377
86,uniform,recursive,COBYQA,3,9,H?`cnd},2022.354498386383,114,[],[0. 1. 1. 0. 1. 0. 1. 0. 0.],7.623907302267824,"[1.0, 0, 0, 0, 0, 1.0, 0, 1.0, 1.0]",8.347116070076549
87,uniform,recursive,COBYQA,3,9,H?`cv`z,2112.3302526474,119,[],[1. 1. 1. 1. 1. 0. 0. 0. 0.],7.425326529469268,"[1.0, 1.0, 1.0, 1.0, 1.0, 0, 0, 0, 0]",7.4253265294692685
88,uniform,recursive,COBYQA,3,9,H?bFUi~,2172.0967090129852,119,[],[1. 1. 1. 0. 1. 0. 0. 1. 1.],7.340782757859047,"[1.0, 0, 0, 0, 0, 0, 1.0, 1.0, 1.0]",7.764171831922256
89,uniform,recursive,COBYQA,3,9,HCQTefs,2064.884470462799,126,[],[1. 1. 1. 1. 0. 0. 0. 0. 0.],7.2189069773577765,"[1.0, 1.0, 1.0, 1.0, 0, 0, 0, 0, 0]",7.2189069773577765
90,uniform,recursive,COBYQA,3,9,H?`vFVt,1835.595083475113,110,[],[0. 0. 0. 0. 1. 1. 1. 0. 1.],8.044071421187637,"[0, 0, 0, 0, 1.0, 1.0, 1.0, 0, 1.0]",8.044071421187637
91,uniform,recursive,COBYQA,3,9,HCXmfqv,1857.1231832504272,111,[],[1. 1. 1. 0. 1. 0. 0. 0. 1.],6.533122484141585,"[1.0, 1.0, 1.0, 0, 1.0, 0, 0, 0, 1.0]",6.533122484141586
92,uniform,recursive,COBYQA,3,9,HCQebj],1801.7612409591675,119,[],[0. 0. 0. 0. 1. 1. 1. 1. 1.],6.125951699247246,"[1.0, 1.0, 1.0, 1.0, 0, 0, 0, 0, 0]",6.125951699247246
93,uniform,recursive,COBYQA,3,9,HCQbQpJ,4692.993948698044,113,[],[1. 0. 0. 0. 0. 0. 1. 1. 0.],4.211028141743718,"[0, 1.0, 1.0, 1.0, 1.0, 1.0, 0, 0, 1.0]",4.211028141743718
94,uniform,recursive,COBYQA,3,9,HCdbFNf,1695.8959186077118,110,[],[0. 1. 1. 1. 1. 0. 0. 1. 1.],8.618099618340064,"[0, 1.0, 1.0, 1.0, 1.0, 0, 0, 1.0, 1.0]",8.618099618340064
95,uniform,recursive,COBYQA,3,9,H?`fffj,1322.452599287033,112,[],[0. 0. 0. 0. 0. 1. 1. 1. 1.],6.532236701606372,"[1.0, 1.0, 1.0, 1.0, 1.0, 0, 0, 0, 0]",6.532236701606372
96,uniform,recursive,COBYQA,3,9,H?ovfz{,1215.0216591358185,108,[],[1. 1. 1. 1. 0. 0. 0. 0. 0.],8.228733293259099,"[1.0, 1.0, 1.0, 1.0, 0, 1.0, 0, 0, 0]",8.36843075048951
97,uniform,recursive,COBYQA,3,9,HCrM\^~,1212.0870060920715,107,[],[1. 0. 1. 1. 1. 1. 0. 0. 0.],8.574211610728405,"[0, 0, 1.0, 1.0, 1.0, 1.0, 1.0, 0, 0]",9.397804657366132
98,uniform,recursive,COBYQA,3,9,H?`fNrt,1210.7944283485413,118,[],[0. 0. 0. 0. 0. 0. 1. 1. 1.],6.784150497834054,"[0, 0, 0, 0, 0, 0, 1.0, 1.0, 1.0]",6.784150497834054
99,uniform,recursive,COBYQA,3,9,H?o~FB~,1173.77286362648,117,[],[1. 1. 0. 0. 0. 1. 0. 0. 1.],7.74957494188566,"[0, 0, 0, 1.0, 1.0, 1.0, 1.0, 1.0, 0]",8.466571687859474
0,gaussian,recursive,COBYLA,3,5,DFw,227.35504794120789,65,[],[1. 1. 1. 0. 0.],3.3806223225650873,"[1.0, 1.0, 1.0, 0, 0]",3.3806223225650873
1,gaussian,recursive,COBYLA,3,5,DUw,243.2337110042572,69,[],[1. 1. 0. 0. 0.],2.8541802014301934,"[1.0, 1.0, 0, 0, 0]",2.8541802014301934
2,gaussian,recursive,COBYLA,3,5,DV{,223.32563400268555,63,[],[1. 1. 0. 0. 0.],2.1698107728157328,"[1.0, 1.0, 0, 0, 0]",2.1698107728157328
3,gaussian,recursive,COBYLA,3,5,DUW,243.19327974319458,71,[],[0. 0. 1. 1. 0.],2.3896421367549214,"[1.0, 1.0, 0, 0, 1.0]",2.3896421367549214
4,gaussian,recursive,COBYLA,3,5,DC{,236.21470403671265,68,[],[1. 1. 1. 1. 0.],3.3768990694203076,"[1.0, 1.0, 1.0, 1.0, 0]",3.376899069420308
5,gaussian,recursive,COBYLA,3,5,DCw,231.87146139144897,70,[],[1. 1. 1. 0. 0.],2.627609260511944,"[0, 0, 0, 1.0, 1.0]",2.6276092605119445
6,gaussian,recursive,COBYLA,3,5,D?{,226.9399435520172,64,[],[1. 1. 1. 1. 0.],1.796525413204832,"[1.0, 1.0, 1.0, 1.0, 0]",1.796525413204832
7,gaussian,recursive,COBYLA,3,5,DU{,194.93158221244812,57,[],[0. 0. 1. 1. 0.],3.2770562504535663,"[0, 0, 1.0, 1.0, 0]",3.2770562504535663
8,gaussian,recursive,COBYLA,3,5,DF{,211.5367031097412,62,[],[0. 0. 0. 1. 1.],3.6259733568120707,"[1.0, 1.0, 1.0, 0, 0]",3.6259733568120702
9,gaussian,recursive,COBYLA,3,5,DEw,229.95308709144592,67,[],[1. 1. 1. 0. 0.],2.79081227951738,"[1.0, 1.0, 1.0, 0, 0]",2.79081227951738
10,gaussian,recursive,COBYLA,3,5,D]{,223.85704135894775,64,[],[1. 1. 0. 0. 0.],3.876496582736822,"[1.0, 1.0, 0, 0, 0]",3.876496582736822
11,gaussian,recursive,COBYLA,3,5,DEk,222.3469705581665,65,[],[1. 0. 1. 1. 0.],2.408056899817945,"[0, 1.0, 0, 0, 1.0]",2.408056899817945
12,gaussian,recursive,COBYLA,3,5,D~{,204.96361207962036,59,[],[1. 0. 0. 0. 1.],3.667585436702109,"[1.0, 0, 0, 0, 1.0]",3.667585436702109
13,gaussian,recursive,COBYLA,3,5,DQ{,211.76012778282166,62,[],[1. 1. 0. 1. 0.],2.564163070019709,"[1.0, 1.0, 0, 1.0, 0]",2.5641630700197084
14,gaussian,recursive,COBYLA,3,5,DQw,227.50722765922546,65,[],[1. 1. 1. 0. 0.],2.1626043644336566,"[1.0, 1.0, 1.0, 0, 0]",2.1626043644336566
15,gaussian,recursive,COBYLA,3,5,DE{,227.22332048416138,65,[],[1. 1. 1. 0. 0.],2.986385792249842,"[1.0, 1.0, 1.0, 0, 0]",2.986385792249842
16,gaussian,recursive,COBYLA,3,5,DQo,246.48474097251892,71,[],[1. 1. 0. 0. 0.],2.2638996581241804,"[1.0, 1.0, 0, 0, 0]",2.2638996581241804
17,gaussian,recursive,COBYLA,3,5,D^{,187.27762913703918,52,[],[1. 1. 1. 0. 0.],3.394252109398487,"[0, 0, 1.0, 0, 1.0]",3.7724088139805696
18,gaussian,recursive,COBYLA,3,5,DT{,195.81481957435608,55,[],[0. 1. 1. 1. 0.],3.1326316820831845,"[0, 1.0, 1.0, 1.0, 0]",3.1326316820831845
19,gaussian,recursive,COBYLA,3,5,D]w,204.09278845787048,57,[],[1. 1. 0. 0. 0.],3.520741541536859,"[0, 0, 1.0, 1.0, 1.0]",3.5207415415368595
20,gaussian,recursive,COBYLA,3,6,EQyw,439.44090008735657,62,[],[1. 1. 0. 0. 0. 1.],4.432487862987722,"[1.0, 1.0, 0, 0, 0, 1.0]",4.432487862987722
21,gaussian,recursive,COBYLA,3,6,E?Bw,445.4870619773865,63,[],[0. 0. 0. 0. 0. 1.],2.762376409118102,"[1.0, 1.0, 1.0, 1.0, 1.0, 0]",2.762376409118102
22,gaussian,recursive,COBYLA,3,6,EQzO,440.8203568458557,57,[],[0. 1. 1. 0. 0. 1.],2.1902312099348644,"[0, 1.0, 1.0, 0, 0, 1.0]",2.1902312099348644
23,gaussian,recursive,COBYLA,3,6,EEzO,478.62980556488037,68,[],[0. 0. 0. 1. 1. 0.],3.3240009147629963,"[1.0, 1.0, 1.0, 1.0, 0, 0]",3.909640658441659
24,gaussian,recursive,COBYLA,3,6,ECYW,400.9997842311859,52,[],[1. 0. 0. 0. 1. 0.],3.360984642469548,"[0, 1.0, 1.0, 1.0, 0, 1.0]",3.360984642469548
25,gaussian,recursive,COBYLA,3,6,ECvo,392.15976452827454,57,[],[1. 1. 1. 1. 0. 0.],3.2379304843889325,"[1.0, 1.0, 1.0, 0, 0, 0]",3.4059973213965997
26,gaussian,recursive,COBYLA,3,6,EC~o,476.8939723968506,76,[],[1. 1. 1. 0. 0. 0.],4.534465996966041,"[1.0, 1.0, 1.0, 0, 0, 0]",4.534465996966041
27,gaussian,recursive,COBYLA,3,6,EQj_,512.0093760490417,69,[],[1. 1. 1. 0. 0. 0.],3.831527294929793,"[1.0, 1.0, 1.0, 0, 0, 0]",3.8315272949297934
28,gaussian,recursive,COBYLA,3,6,EQzo,457.96395993232727,62,[],[1. 1. 0. 0. 0. 1.],3.3615318010765973,"[1.0, 1.0, 0, 0, 0, 1.0]",3.3615318010765973
29,gaussian,recursive,COBYLA,3,6,E?ro,416.408483505249,62,[],[0. 0. 0. 0. 1. 1.],3.3753362251022683,"[1.0, 1.0, 1.0, 1.0, 0, 0]",3.3753362251022687
30,gaussian,recursive,COBYLA,3,6,EEzg,409.08409094810486,58,[],[1. 1. 1. 0. 0. 0.],4.0473123630922165,"[1.0, 1.0, 1.0, 0, 0, 0]",4.047312363092217
31,gaussian,recursive,COBYLA,3,6,EEvo,416.40060687065125,56,[],[0. 0. 0. 0. 1. 1.],4.052653453584332,"[1.0, 1.0, 1.0, 1.0, 0, 0]",4.052653453584332
32,gaussian,recursive,COBYLA,3,6,EQ~w,436.30605721473694,63,[],[0. 1. 1. 0. 0. 1.],4.5426744272751645,"[0, 1.0, 1.0, 0, 0, 1.0]",4.5426744272751645
33,gaussian,recursive,COBYLA,3,6,EErw,392.4090733528137,56,[],[0. 0. 0. 1. 1. 1.],4.357496331029228,"[1.0, 1.0, 1.0, 0, 0, 0]",4.357496331029228
34,gaussian,recursive,COBYLA,3,6,EElw,437.5487608909607,66,[],[0. 0. 1. 1. 1. 0.],4.362207498705145,"[1.0, 1.0, 0, 0, 0, 1.0]",4.362207498705146
35,gaussian,recursive,COBYLA,3,6,ETzg,464.05483889579773,74,[],[0. 0. 0. 1. 1. 1.],4.448333739909218,"[1.0, 1.0, 1.0, 0, 0, 0]",4.448333739909218
36,gaussian,recursive,COBYLA,3,6,ECqg,409.61686396598816,60,[],[1. 1. 1. 0. 0. 0.],3.162310385565929,"[1.0, 1.0, 1.0, 0, 0, 0]",3.162310385565929
37,gaussian,recursive,COBYLA,3,6,EUZw,456.5412356853485,61,[],[0. 0. 0. 1. 1. 1.],4.505484354716582,"[1.0, 1.0, 1.0, 0, 0, 0]",4.5054843547165815
38,gaussian,recursive,COBYLA,3,6,EUxo,468.7253530025482,65,[],[1. 1. 1. 0. 0. 0.],4.697701785760335,"[1.0, 1.0, 1.0, 0, 0, 0]",4.697701785760335
39,gaussian,recursive,COBYLA,3,6,ECxw,417.42853355407715,57,[],[0. 0. 1. 1. 1. 0.],3.3029330227333347,"[0, 0, 1.0, 1.0, 1.0, 0]",3.3029330227333347
40,gaussian,recursive,COBYLA,3,7,FCZTo,614.7730107307434,63,[],[0. 0. 0. 0. 1. 1. 1.],5.174843542202047,"[1.0, 1.0, 1.0, 1.0, 0, 0, 0]",5.174843542202046
41,gaussian,recursive,COBYLA,3,7,FCZew,594.5495281219482,55,[],[1. 0. 0. 0. 1. 1. 0.],3.9471197289408133,"[0, 1.0, 1.0, 1.0, 0, 0, 1.0]",3.9471197289408133
42,gaussian,recursive,COBYLA,3,7,FCznW,727.0045442581177,80,[],[0. 1. 1. 1. 1. 0. 0.],6.281398202732074,"[1.0, 1.0, 1.0, 0, 1.0, 0, 0]",6.299241994765314
43,gaussian,recursive,COBYLA,3,7,F?rvw,619.4163112640381,59,[],[1. 1. 1. 1. 1. 0. 0.],5.65914318919514,"[1.0, 1.0, 1.0, 1.0, 1.0, 0, 0]",5.65914318919514
44,gaussian,recursive,COBYLA,3,7,FCpb_,641.6684987545013,64,[],[0. 1. 1. 1. 0. 0. 0.],4.7100521615168285,"[0, 1.0, 1.0, 1.0, 0, 0, 0]",4.7100521615168285
45,gaussian,recursive,COBYLA,3,7,FEr^o,582.0590577125549,63,[],[1. 1. 1. 0. 0. 0. 0.],5.482542311332391,"[1.0, 1.0, 1.0, 0, 0, 0, 0]",5.482542311332391
46,gaussian,recursive,COBYLA,3,7,F?B~o,680.1656708717346,71,[],[0. 0. 0. 0. 0. 1. 1.],6.311889974632409,"[1.0, 1.0, 1.0, 1.0, 1.0, 0, 0]",6.31188997463241
47,gaussian,recursive,COBYLA,3,7,FE~~w,632.8562433719635,58,[],[0. 0. 0. 0. 1. 1. 1.],5.971986933278456,"[0, 0, 0, 0, 1.0, 1.0, 1.0]",5.971986933278456
48,gaussian,recursive,COBYLA,3,7,FQjVO,705.2893500328064,71,[],[1. 1. 0. 1. 1. 0. 0.],5.079335829753568,"[0, 0, 1.0, 0, 0, 1.0, 1.0]",5.0793358297535685
49,gaussian,recursive,COBYLA,3,7,F?~vw,661.899656534195,69,[],[1. 1. 0. 1. 0. 0. 1.],5.442387316639132,"[1.0, 1.0, 1.0, 1.0, 0, 0, 0]",6.76637017433752
50,gaussian,recursive,COBYLA,3,7,FCOfw,586.7771980762482,58,[],[1. 1. 0. 0. 0. 1. 1.],4.362722409250715,"[0, 0, 1.0, 1.0, 1.0, 0, 0]",4.362722409250715
51,gaussian,recursive,COBYLA,3,7,FQzvO,611.5705752372742,63,[],[1. 1. 0. 1. 1. 0. 0.],5.5462615757841895,"[0, 0, 1.0, 0, 0, 1.0, 1.0]",5.546261575784191
52,gaussian,recursive,COBYLA,3,7,FQjdg,650.3142032623291,61,[],[1. 0. 0. 1. 0. 1. 0.],4.435975452335594,"[1.0, 0, 0, 1.0, 0, 1.0, 0]",4.435975452335594
53,gaussian,recursive,COBYLA,3,7,FCR`w,614.8860521316528,60,[],[1. 1. 0. 0. 0. 0. 1.],5.118085139391459,"[0, 0, 1.0, 1.0, 1.0, 1.0, 0]",5.11808513939146
54,gaussian,recursive,COBYLA,3,7,F~~~w,637.2834346294403,62,[],[1. 1. 0. 1. 1. 0. 0.],7.313538885496229,"[0, 0, 1.0, 1.0, 0, 0, 1.0]",7.632510861100366
55,gaussian,recursive,COBYLA,3,7,FQinw,629.7938516139984,56,[],[0. 0. 1. 1. 0. 1. 0.],4.262108645322407,"[1.0, 1.0, 1.0, 1.0, 1.0, 0, 0]",4.584620798581044
56,gaussian,recursive,COBYLA,3,7,F?zPw,686.7926123142242,74,[],[0. 0. 0. 0. 1. 1. 1.],3.9535311012285828,"[1.0, 1.0, 1.0, 0, 0, 0, 1.0]",4.175628727248147
57,gaussian,recursive,COBYLA,3,7,FCzcw,697.2402727603912,68,[],[1. 1. 1. 0. 0. 0. 1.],3.6075910527894384,"[1.0, 1.0, 1.0, 0, 0, 0, 1.0]",3.607591052789439
58,gaussian,recursive,COBYLA,3,7,FCf~w,694.9231078624725,73,[],[0. 0. 0. 0. 0. 1. 1.],5.576647441350781,"[1.0, 1.0, 1.0, 1.0, 1.0, 0, 0]",5.576647441350781
59,gaussian,recursive,COBYLA,3,7,F?bro,680.1142637729645,64,[],[0. 0. 0. 0. 1. 1. 1.],2.745242386248179,"[1.0, 1.0, 1.0, 1.0, 0, 0, 0]",2.7452423862481785
60,gaussian,recursive,COBYLA,3,8,GCZMY{,845.7144169807434,54,[],[0. 0. 0. 0. 1. 1. 0. 1.],6.162052250857518,"[1.0, 0, 0, 0, 1.0, 0, 0, 1.0]",6.1656518279704855
61,gaussian,recursive,COBYLA,3,8,GCqnfc,956.5036447048187,58,[],[1. 0. 0. 0. 1. 0. 1. 1.],5.497646681997324,"[0, 1.0, 1.0, 1.0, 0, 1.0, 0, 0]",5.497646681997324
62,gaussian,recursive,COBYLA,3,8,GCrb`o,819.1296172142029,61,[],[1. 0. 0. 0. 0. 1. 1. 1.],5.722752213348331,"[1.0, 1.0, 1.0, 0, 0, 0, 0, 1.0]",5.746790969279266
63,gaussian,recursive,COBYLA,3,8,G?`c^c,851.1218161582947,59,[],[0. 0. 0. 0. 1. 1. 0. 1.],5.456219255426036,"[0, 0, 0, 0, 1.0, 1.0, 0, 1.0]",5.456219255426036
64,gaussian,recursive,COBYLA,3,8,GCY^fo,799.1059045791626,56,[],[0. 0. 0. 0. 1. 1. 1. 1.],6.47905728032216,"[1.0, 1.0, 1.0, 1.0, 0, 0, 0, 0]",6.479057280322161
65,gaussian,recursive,COBYLA,3,8,G?BDvw,876.8901104927063,70,[],[0. 0. 0. 0. 0. 1. 1. 1.],6.131206333504157,"[1.0, 1.0, 1.0, 1.0, 1.0, 0, 0, 0]",6.1312063335041564
66,gaussian,recursive,COBYLA,3,8,GCrrt[,979.5928950309753,64,[],[1. 0. 0. 0. 0. 1. 1. 1.],6.522511138063869,"[0, 1.0, 1.0, 1.0, 1.0, 0, 0, 1.0]",6.832223019458334
67,gaussian,recursive,COBYLA,3,8,G?`cno,933.1744549274445,66,[],[1. 1. 1. 1. 0. 0. 0. 0.],5.211623763820935,"[1.0, 1.0, 1.0, 1.0, 0, 0, 0, 0]",5.211623763820935
68,gaussian,recursive,COBYLA,3,8,G?BDn[,837.2522902488708,61,[],[0. 0. 0. 1. 0. 1. 0. 1.],5.636585732809579,"[0, 0, 0, 1.0, 0, 1.0, 0, 1.0]",5.636585732809579
69,gaussian,recursive,COBYLA,3,8,GCRVF[,842.3962111473083,62,[],[1. 1. 1. 0. 0. 0. 0. 0.],6.49004782359108,"[1.0, 1.0, 1.0, 0, 0, 0, 0, 0]",6.49004782359108
70,gaussian,recursive,COBYLA,3,8,GCXmf{,938.7731785774231,74,[],[1. 1. 1. 1. 0. 0. 0. 0.],6.856126558148148,"[1.0, 1.0, 1.0, 1.0, 0, 0, 0, 0]",6.856126558148148
71,gaussian,recursive,COBYLA,3,8,G?qm]s,922.7867436408997,78,[],[0. 1. 0. 1. 0. 1. 1. 0.],6.047342113736631,"[1.0, 0, 1.0, 0, 1.0, 0, 0, 1.0]",6.047342113736631
72,gaussian,recursive,COBYLA,3,8,GEit^[,840.6132423877716,61,[],[1. 1. 1. 0. 0. 0. 1. 0.],7.42611580454297,"[1.0, 1.0, 0, 0, 1.0, 1.0, 0, 0]",7.82556732702197
73,gaussian,recursive,COBYLA,3,8,GCXk~{,838.0144710540771,65,[],[0. 1. 1. 1. 1. 0. 1. 0.],6.510915383817326,"[1.0, 0, 0, 0, 0, 1.0, 0, 1.0]",6.510915383817328
74,gaussian,recursive,COBYLA,3,8,G?B@~w,862.1476655006409,58,[],[1. 1. 1. 1. 1. 0. 0. 0.],3.93487022973433,"[1.0, 1.0, 1.0, 1.0, 1.0, 0, 0, 0]",3.93487022973433
75,gaussian,recursive,COBYLA,3,8,GCznZ{,929.2945067882538,67,[],[1. 1. 1. 0. 0. 0. 0. 1.],6.271539278203663,"[0, 1.0, 0, 1.0, 0, 1.0, 1.0, 0]",7.456502049762939
76,gaussian,recursive,COBYLA,3,8,G?BfN{,877.834858417511,67,[],[1. 0. 1. 1. 1. 0. 1. 0.],3.234348122092194,"[1.0, 0, 1.0, 1.0, 1.0, 0, 1.0, 0]",3.234348122092194
77,gaussian,recursive,COBYLA,3,8,G?ovf{,944.6849896907806,70,[],[0. 0. 0. 0. 1. 1. 1. 0.],6.242557566308028,"[1.0, 1.0, 1.0, 1.0, 0, 0, 0, 1.0]",6.242557566308028
78,gaussian,recursive,COBYLA,3,8,GCRVfw,975.969614982605,68,[],[0. 0. 1. 1. 1. 1. 1. 0.],6.62814453977457,"[1.0, 1.0, 1.0, 1.0, 1.0, 0, 0, 0]",6.838899355681476
79,gaussian,recursive,COBYLA,3,8,GCZvnk,821.6492693424225,53,[],[0. 0. 0. 0. 1. 0. 1. 1.],6.559321587398342,"[0, 0, 0, 0, 1.0, 0, 1.0, 1.0]",6.559321587398342
80,gaussian,recursive,COBYLA,3,9,H?r@fR],1178.27841258049,70,[],[1. 1. 0. 0. 1. 0. 1. 0. 0.],7.291572586098402,"[0, 0, 1.0, 1.0, 0, 1.0, 0, 1.0, 1.0]",7.291572586098401
81,gaussian,recursive,COBYLA,3,9,HCQeLr~,1154.876480102539,68,[],[1. 0. 1. 1. 1. 0. 1. 0. 0.],7.982304028200669,"[1.0, 0, 1.0, 1.0, 1.0, 0, 1.0, 0, 0]",7.98230402820067
82,gaussian,recursive,COBYLA,3,9,H?qlvNx,1118.3741183280945,59,[],[1. 1. 0. 0. 0. 1. 1. 0. 1.],10.185457194060405,"[0, 0, 1.0, 1.0, 1.0, 0, 0, 1.0, 0]",10.185457194060405
83,gaussian,recursive,COBYLA,3,9,HCQbQuv,1115.4836959838867,69,[],[0. 0. 0. 1. 1. 0. 1. 0. 1.],7.5035177858151965,"[1.0, 1.0, 1.0, 0, 0, 1.0, 0, 1.0, 0]",7.5035177858151965
84,gaussian,recursive,COBYLA,3,9,HCrfZzf,1027.0834448337555,57,[],[1. 0. 1. 0. 0. 0. 1. 1. 0.],8.325796434273311,"[1.0, 0, 1.0, 0, 0, 0, 1.0, 1.0, 0]",8.325796434273311
85,gaussian,recursive,COBYLA,3,9,H?qbDo~,1110.6466233730316,61,[],[0. 0. 0. 0. 1. 1. 1. 1. 0.],7.74764404835377,"[0, 0, 0, 0, 1.0, 1.0, 1.0, 1.0, 0]",7.74764404835377
86,gaussian,recursive,COBYLA,3,9,H?`cnd},1115.8784520626068,58,[],[1. 0. 0. 0. 0. 1. 0. 1. 1.],8.347116070076549,"[1.0, 0, 0, 0, 0, 1.0, 0, 1.0, 1.0]",8.347116070076549
87,gaussian,recursive,COBYLA,3,9,H?`cv`z,1068.4586961269379,61,[],[1. 1. 1. 1. 1. 0. 0. 0. 0.],7.425326529469268,"[1.0, 1.0, 1.0, 1.0, 1.0, 0, 0, 0, 0]",7.4253265294692685
88,gaussian,recursive,COBYLA,3,9,H?bFUi~,1205.1347241401672,84,[],[1. 0. 0. 0. 0. 0. 1. 1. 1.],7.764171831922255,"[1.0, 0, 0, 0, 0, 0, 1.0, 1.0, 1.0]",7.764171831922256
89,gaussian,recursive,COBYLA,3,9,HCQTefs,1121.5708394050598,66,[],[0. 0. 0. 0. 1. 1. 1. 1. 1.],7.2189069773577765,"[1.0, 1.0, 1.0, 1.0, 0, 0, 0, 0, 0]",7.2189069773577765
90,gaussian,recursive,COBYLA,3,9,H?`vFVt,1006.9600548744202,63,[],[0. 0. 0. 0. 1. 1. 1. 0. 1.],8.044071421187637,"[0, 0, 0, 0, 1.0, 1.0, 1.0, 0, 1.0]",8.044071421187637
91,gaussian,recursive,COBYLA,3,9,HCXmfqv,992.0716004371643,62,[],[1. 1. 1. 0. 1. 0. 0. 0. 1.],6.533122484141585,"[1.0, 1.0, 1.0, 0, 1.0, 0, 0, 0, 1.0]",6.533122484141586
92,gaussian,recursive,COBYLA,3,9,HCQebj],987.4378213882446,67,[],[0. 0. 0. 0. 1. 1. 1. 1. 1.],6.125951699247246,"[1.0, 1.0, 1.0, 1.0, 0, 0, 0, 0, 0]",6.125951699247246
93,gaussian,recursive,COBYLA,3,9,HCQbQpJ,2466.2277104854584,60,[],[1. 0. 0. 0. 0. 0. 1. 1. 0.],4.211028141743718,"[0, 1.0, 1.0, 1.0, 1.0, 1.0, 0, 0, 1.0]",4.211028141743718
94,gaussian,recursive,COBYLA,3,9,HCdbFNf,921.9267387390137,67,[],[0. 1. 1. 1. 1. 0. 0. 1. 1.],8.618099618340064,"[0, 1.0, 1.0, 1.0, 1.0, 0, 0, 1.0, 1.0]",8.618099618340064
95,gaussian,recursive,COBYLA,3,9,H?`fffj,746.3819942474365,75,[],[0. 0. 0. 0. 0. 1. 1. 1. 1.],6.532236701606372,"[1.0, 1.0, 1.0, 1.0, 1.0, 0, 0, 0, 0]",6.532236701606372
96,gaussian,recursive,COBYLA,3,9,H?ovfz{,694.8121960163116,54,[],[1. 1. 1. 0. 0. 1. 0. 1. 0.],6.909719876946258,"[1.0, 1.0, 1.0, 1.0, 0, 1.0, 0, 0, 0]",8.36843075048951
97,gaussian,recursive,COBYLA,3,9,HCrM\^~,702.7973825931549,67,[],[0. 0. 1. 1. 1. 1. 1. 0. 0.],9.397804657366134,"[0, 0, 1.0, 1.0, 1.0, 1.0, 1.0, 0, 0]",9.397804657366132
98,gaussian,recursive,COBYLA,3,9,H?`fNrt,674.6191828250885,61,[],[0. 0. 0. 0. 0. 0. 1. 1. 1.],6.784150497834054,"[0, 0, 0, 0, 0, 0, 1.0, 1.0, 1.0]",6.784150497834054
99,gaussian,recursive,COBYLA,3,9,H?o~FB~,681.6588664054871,63,[],[1. 1. 1. 0. 0. 0. 0. 0. 1.],8.466571687859474,"[0, 0, 0, 1.0, 1.0, 1.0, 1.0, 1.0, 0]",8.466571687859474
0,gaussian,recursive,COBYQA,3,5,DFw,429.2173898220062,125,[],[0. 0. 0. 1. 1.],3.3806223225650873,"[1.0, 1.0, 1.0, 0, 0]",3.3806223225650873
1,gaussian,recursive,COBYQA,3,5,DUw,373.78383231163025,109,[],[1. 1. 0. 0. 0.],2.8541802014301934,"[1.0, 1.0, 0, 0, 0]",2.8541802014301934
2,gaussian,recursive,COBYQA,3,5,DV{,394.4850902557373,117,[],[1. 1. 0. 0. 0.],2.1698107728157328,"[1.0, 1.0, 0, 0, 0]",2.1698107728157328
3,gaussian,recursive,COBYQA,3,5,DUW,365.4061734676361,108,[],[0. 0. 1. 1. 0.],2.3896421367549214,"[1.0, 1.0, 0, 0, 1.0]",2.3896421367549214
4,gaussian,recursive,COBYQA,3,5,DC{,400.77369451522827,116,[],[1. 1. 1. 1. 0.],3.3768990694203076,"[1.0, 1.0, 1.0, 1.0, 0]",3.376899069420308
5,gaussian,recursive,COBYQA,3,5,DCw,365.3856129646301,107,[],[0. 0. 0. 1. 1.],2.6276092605119445,"[0, 0, 0, 1.0, 1.0]",2.6276092605119445
6,gaussian,recursive,COBYQA,3,5,D?{,375.5131013393402,110,[],[1. 1. 1. 1. 0.],1.796525413204832,"[1.0, 1.0, 1.0, 1.0, 0]",1.796525413204832
7,gaussian,recursive,COBYQA,3,5,DU{,364.936066865921,109,[],[0. 0. 1. 1. 0.],3.2770562504535663,"[0, 0, 1.0, 1.0, 0]",3.2770562504535663
8,gaussian,recursive,COBYQA,3,5,DF{,388.89844369888306,112,[],[0. 0. 0. 1. 1.],3.6259733568120707,"[1.0, 1.0, 1.0, 0, 0]",3.6259733568120702
9,gaussian,recursive,COBYQA,3,5,DEw,374.72859025001526,108,[],[1. 1. 1. 0. 0.],2.79081227951738,"[1.0, 1.0, 1.0, 0, 0]",2.79081227951738
10,gaussian,recursive,COBYQA,3,5,D]{,372.37286925315857,107,[],[1. 1. 0. 0. 0.],3.876496582736822,"[1.0, 1.0, 0, 0, 0]",3.876496582736822
11,gaussian,recursive,COBYQA,3,5,DEk,375.3979768753052,112,[],[0. 1. 0. 0. 1.],2.408056899817945,"[0, 1.0, 0, 0, 1.0]",2.408056899817945
12,gaussian,recursive,COBYQA,3,5,D~{,395.957820892334,114,[],[0. 0. 1. 1. 1.],3.2969242815046744,"[1.0, 0, 0, 0, 1.0]",3.667585436702109
13,gaussian,recursive,COBYQA,3,5,DQ{,389.05904388427734,113,[],[1. 1. 0. 1. 0.],2.564163070019709,"[1.0, 1.0, 0, 1.0, 0]",2.5641630700197084
14,gaussian,recursive,COBYQA,3,5,DQw,365.19291591644287,108,[],[1. 1. 1. 0. 0.],2.1626043644336566,"[1.0, 1.0, 1.0, 0, 0]",2.1626043644336566
15,gaussian,recursive,COBYQA,3,5,DE{,350.48050689697266,105,[],[1. 1. 1. 0. 0.],2.986385792249842,"[1.0, 1.0, 1.0, 0, 0]",2.986385792249842
16,gaussian,recursive,COBYQA,3,5,DQo,377.7380561828613,114,[],[1. 1. 0. 0. 0.],2.2638996581241804,"[1.0, 1.0, 0, 0, 0]",2.2638996581241804
17,gaussian,recursive,COBYQA,3,5,D^{,355.42124366760254,104,[],[0. 0. 1. 0. 1.],3.7724088139805696,"[0, 0, 1.0, 0, 1.0]",3.7724088139805696
18,gaussian,recursive,COBYQA,3,5,DT{,369.50487303733826,109,[],[0. 1. 1. 0. 0.],3.0307950478176107,"[0, 1.0, 1.0, 1.0, 0]",3.1326316820831845
19,gaussian,recursive,COBYQA,3,5,D]w,375.72045516967773,110,[],[1. 1. 0. 0. 0.],3.520741541536859,"[0, 0, 1.0, 1.0, 1.0]",3.5207415415368595
20,gaussian,recursive,COBYQA,3,6,EQyw,770.2890892028809,111,[],[0. 0. 1. 1. 1. 0.],4.432487862987722,"[1.0, 1.0, 0, 0, 0, 1.0]",4.432487862987722
21,gaussian,recursive,COBYQA,3,6,E?Bw,754.6564748287201,114,[],[0. 0. 0. 0. 0. 1.],2.762376409118102,"[1.0, 1.0, 1.0, 1.0, 1.0, 0]",2.762376409118102
22,gaussian,recursive,COBYQA,3,6,EQzO,776.0961263179779,117,[],[0. 1. 1. 0. 0. 1.],2.1902312099348644,"[0, 1.0, 1.0, 0, 0, 1.0]",2.1902312099348644
23,gaussian,recursive,COBYQA,3,6,EEzO,728.2659420967102,111,[],[1. 1. 1. 1. 0. 0.],3.909640658441659,"[1.0, 1.0, 1.0, 1.0, 0, 0]",3.909640658441659
24,gaussian,recursive,COBYQA,3,6,ECYW,742.5809345245361,110,[],[1. 0. 0. 0. 1. 0.],3.360984642469548,"[0, 1.0, 1.0, 1.0, 0, 1.0]",3.360984642469548
25,gaussian,recursive,COBYQA,3,6,ECvo,810.7663922309875,123,[],[0. 0. 0. 1. 1. 1.],3.4059973213965993,"[1.0, 1.0, 1.0, 0, 0, 0]",3.4059973213965997
26,gaussian,recursive,COBYQA,3,6,EC~o,792.2144503593445,126,[],[0. 0. 0. 1. 1. 1.],4.534465996966041,"[1.0, 1.0, 1.0, 0, 0, 0]",4.534465996966041
27,gaussian,recursive,COBYQA,3,6,EQj_,746.3063395023346,109,[],[1. 1. 1. 0. 0. 0.],3.831527294929793,"[1.0, 1.0, 1.0, 0, 0, 0]",3.8315272949297934
28,gaussian,recursive,COBYQA,3,6,EQzo,834.5782375335693,131,[],[1. 1. 0. 0. 0. 1.],3.3615318010765973,"[1.0, 1.0, 0, 0, 0, 1.0]",3.3615318010765973
29,gaussian,recursive,COBYQA,3,6,E?ro,771.2156963348389,115,[],[1. 1. 1. 1. 0. 0.],3.3753362251022687,"[1.0, 1.0, 1.0, 1.0, 0, 0]",3.3753362251022687
30,gaussian,recursive,COBYQA,3,6,EEzg,803.451339006424,124,[],[1. 1. 1. 0. 0. 0.],4.0473123630922165,"[1.0, 1.0, 1.0, 0, 0, 0]",4.047312363092217
31,gaussian,recursive,COBYQA,3,6,EEvo,756.6660640239716,107,[],[1. 1. 1. 1. 0. 0.],4.052653453584333,"[1.0, 1.0, 1.0, 1.0, 0, 0]",4.052653453584332
32,gaussian,recursive,COBYQA,3,6,EQ~w,746.9080541133881,116,[],[0. 1. 1. 0. 0. 1.],4.5426744272751645,"[0, 1.0, 1.0, 0, 0, 1.0]",4.5426744272751645
33,gaussian,recursive,COBYQA,3,6,EErw,748.5015368461609,113,[],[0. 0. 0. 1. 1. 1.],4.357496331029228,"[1.0, 1.0, 1.0, 0, 0, 0]",4.357496331029228
34,gaussian,recursive,COBYQA,3,6,EElw,763.8795638084412,110,[],[0. 0. 1. 1. 1. 0.],4.362207498705145,"[1.0, 1.0, 0, 0, 0, 1.0]",4.362207498705146
35,gaussian,recursive,COBYQA,3,6,ETzg,796.8715703487396,126,[],[1. 1. 1. 0. 0. 0.],4.448333739909217,"[1.0, 1.0, 1.0, 0, 0, 0]",4.448333739909218
36,gaussian,recursive,COBYQA,3,6,ECqg,737.3650207519531,119,[],[1. 1. 1. 0. 0. 0.],3.162310385565929,"[1.0, 1.0, 1.0, 0, 0, 0]",3.162310385565929
37,gaussian,recursive,COBYQA,3,6,EUZw,765.0930423736572,120,[],[0. 0. 0. 1. 1. 1.],4.505484354716582,"[1.0, 1.0, 1.0, 0, 0, 0]",4.5054843547165815
38,gaussian,recursive,COBYQA,3,6,EUxo,720.4302351474762,108,[],[1. 1. 1. 0. 0. 0.],4.697701785760335,"[1.0, 1.0, 1.0, 0, 0, 0]",4.697701785760335
39,gaussian,recursive,COBYQA,3,6,ECxw,747.6069037914276,109,[],[1. 1. 0. 0. 0. 1.],3.3029330227333347,"[0, 0, 1.0, 1.0, 1.0, 0]",3.3029330227333347
40,gaussian,recursive,COBYQA,3,7,FCZTo,1119.49018740654,107,[],[0. 0. 0. 0. 1. 1. 1.],5.174843542202047,"[1.0, 1.0, 1.0, 1.0, 0, 0, 0]",5.174843542202046
41,gaussian,recursive,COBYQA,3,7,FCZew,1132.5480074882507,113,[],[1. 0. 0. 0. 1. 1. 0.],3.9471197289408133,"[0, 1.0, 1.0, 1.0, 0, 0, 1.0]",3.9471197289408133
42,gaussian,recursive,COBYQA,3,7,FCznW,1120.7135074138641,118,[],[1. 1. 1. 0. 0. 0. 0.],5.8697830086409635,"[1.0, 1.0, 1.0, 0, 1.0, 0, 0]",6.299241994765314
43,gaussian,recursive,COBYQA,3,7,F?rvw,1090.352462530136,111,[],[1. 1. 1. 1. 1. 0. 0.],5.65914318919514,"[1.0, 1.0, 1.0, 1.0, 1.0, 0, 0]",5.65914318919514
44,gaussian,recursive,COBYQA,3,7,FCpb_,1079.0944952964783,111,[],[0. 1. 1. 1. 0. 0. 0.],4.7100521615168285,"[0, 1.0, 1.0, 1.0, 0, 0, 0]",4.7100521615168285
45,gaussian,recursive,COBYQA,3,7,FEr^o,1125.5020723342896,117,[],[1. 1. 1. 0. 0. 0. 0.],5.482542311332391,"[1.0, 1.0, 1.0, 0, 0, 0, 0]",5.482542311332391
46,gaussian,recursive,COBYQA,3,7,F?B~o,1106.7790942192078,111,[],[1. 1. 1. 1. 1. 0. 0.],6.311889974632409,"[1.0, 1.0, 1.0, 1.0, 1.0, 0, 0]",6.31188997463241
47,gaussian,recursive,COBYQA,3,7,FE~~w,1119.749624490738,112,[],[0. 1. 0. 0. 1. 1. 0.],5.691464051484303,"[0, 0, 0, 0, 1.0, 1.0, 1.0]",5.971986933278456
48,gaussian,recursive,COBYQA,3,7,FQjVO,1094.2764472961426,107,[],[0. 0. 1. 0. 0. 1. 1.],5.079335829753569,"[0, 0, 1.0, 0, 0, 1.0, 1.0]",5.0793358297535685
49,gaussian,recursive,COBYQA,3,7,F?~vw,1113.572721004486,115,[],[1. 1. 1. 1. 0. 0. 0.],6.76637017433752,"[1.0, 1.0, 1.0, 1.0, 0, 0, 0]",6.76637017433752
50,gaussian,recursive,COBYQA,3,7,FCOfw,1109.1549608707428,107,[],[0. 0. 1. 1. 1. 0. 0.],4.362722409250715,"[0, 0, 1.0, 1.0, 1.0, 0, 0]",4.362722409250715
51,gaussian,recursive,COBYQA,3,7,FQzvO,1292.3470005989075,125,[],[0. 0. 1. 0. 0. 1. 1.],5.546261575784191,"[0, 0, 1.0, 0, 0, 1.0, 1.0]",5.546261575784191
52,gaussian,recursive,COBYQA,3,7,FQjdg,1117.5859994888306,103,[],[1. 0. 0. 1. 0. 1. 0.],4.435975452335594,"[1.0, 0, 0, 1.0, 0, 1.0, 0]",4.435975452335594
53,gaussian,recursive,COBYQA,3,7,FCR`w,1220.279445886612,125,[],[1. 1. 0. 0. 0. 0. 1.],5.118085139391459,"[0, 0, 1.0, 1.0, 1.0, 1.0, 0]",5.11808513939146
54,gaussian,recursive,COBYQA,3,7,F~~~w,1115.0643095970154,111,[],[1. 1. 0. 0. 1. 0. 1.],7.401577793865826,"[0, 0, 1.0, 1.0, 0, 0, 1.0]",7.632510861100366
55,gaussian,recursive,COBYQA,3,7,FQinw,1121.2866008281708,108,[],[0. 0. 0. 0. 0. 1. 1.],4.584620798581043,"[1.0, 1.0, 1.0, 1.0, 1.0, 0, 0]",4.584620798581044
56,gaussian,recursive,COBYQA,3,7,F?zPw,1143.4070482254028,108,[],[1. 1. 1. 0. 0. 0. 1.],4.175628727248147,"[1.0, 1.0, 1.0, 0, 0, 0, 1.0]",4.175628727248147
57,gaussian,recursive,COBYQA,3,7,FCzcw,1140.0330667495728,115,[],[1. 1. 1. 0. 0. 0. 1.],3.6075910527894384,"[1.0, 1.0, 1.0, 0, 0, 0, 1.0]",3.607591052789439
58,gaussian,recursive,COBYQA,3,7,FCf~w,1175.290049314499,104,[],[1. 1. 1. 1. 1. 0. 0.],5.57664744135078,"[1.0, 1.0, 1.0, 1.0, 1.0, 0, 0]",5.576647441350781
59,gaussian,recursive,COBYQA,3,7,F?bro,1093.2834258079529,106,[],[0. 0. 0. 0. 1. 1. 1.],2.745242386248179,"[1.0, 1.0, 1.0, 1.0, 0, 0, 0]",2.7452423862481785
60,gaussian,recursive,COBYQA,3,8,GCZMY{,1525.3838102817535,106,[],[1. 0. 0. 0. 1. 0. 0. 1.],6.1656518279704855,"[1.0, 0, 0, 0, 1.0, 0, 0, 1.0]",6.1656518279704855
61,gaussian,recursive,COBYQA,3,8,GCqnfc,1529.801350593567,122,[],[1. 0. 0. 0. 1. 0. 1. 1.],5.497646681997324,"[0, 1.0, 1.0, 1.0, 0, 1.0, 0, 0]",5.497646681997324
62,gaussian,recursive,COBYQA,3,8,GCrb`o,1552.3046641349792,113,[],[1. 1. 1. 0. 0. 0. 0. 1.],5.7467909692792665,"[1.0, 1.0, 1.0, 0, 0, 0, 0, 1.0]",5.746790969279266
63,gaussian,recursive,COBYQA,3,8,G?`c^c,1477.340094089508,113,[],[0. 0. 0. 0. 1. 1. 0. 1.],5.456219255426036,"[0, 0, 0, 0, 1.0, 1.0, 0, 1.0]",5.456219255426036
64,gaussian,recursive,COBYQA,3,8,GCY^fo,1447.5901827812195,106,[],[0. 0. 0. 0. 1. 1. 1. 1.],6.47905728032216,"[1.0, 1.0, 1.0, 1.0, 0, 0, 0, 0]",6.479057280322161
65,gaussian,recursive,COBYQA,3,8,G?BDvw,1495.5544991493225,114,[],[0. 0. 0. 0. 0. 1. 1. 1.],6.131206333504157,"[1.0, 1.0, 1.0, 1.0, 1.0, 0, 0, 0]",6.1312063335041564
66,gaussian,recursive,COBYQA,3,8,GCrrt[,1584.2129075527191,110,[],[1. 0. 0. 0. 0. 1. 1. 0.],6.832223019458335,"[0, 1.0, 1.0, 1.0, 1.0, 0, 0, 1.0]",6.832223019458334
67,gaussian,recursive,COBYQA,3,8,G?`cno,1569.5910465717316,117,[],[1. 1. 1. 1. 0. 0. 0. 0.],5.211623763820935,"[1.0, 1.0, 1.0, 1.0, 0, 0, 0, 0]",5.211623763820935
68,gaussian,recursive,COBYQA,3,8,G?BDn[,1436.5975363254547,104,[],[0. 0. 0. 1. 0. 1. 0. 1.],5.636585732809579,"[0, 0, 0, 1.0, 0, 1.0, 0, 1.0]",5.636585732809579
69,gaussian,recursive,COBYQA,3,8,GCRVF[,1443.543247461319,105,[],[1. 1. 1. 0. 0. 0. 0. 0.],6.49004782359108,"[1.0, 1.0, 1.0, 0, 0, 0, 0, 0]",6.49004782359108
70,gaussian,recursive,COBYQA,3,8,GCXmf{,1700.5412459373474,117,[],[1. 0. 0. 0. 1. 1. 0. 1.],6.183161023230477,"[1.0, 1.0, 1.0, 1.0, 0, 0, 0, 0]",6.856126558148148
71,gaussian,recursive,COBYQA,3,8,G?qm]s,1522.3716397285461,110,[],[1. 0. 1. 0. 1. 0. 0. 1.],6.04734211373663,"[1.0, 0, 1.0, 0, 1.0, 0, 0, 1.0]",6.047342113736631
72,gaussian,recursive,COBYQA,3,8,GEit^[,1523.0998826026917,113,[],[0. 0. 1. 1. 0. 0. 1. 1.],7.825567327021971,"[1.0, 1.0, 0, 0, 1.0, 1.0, 0, 0]",7.82556732702197
73,gaussian,recursive,COBYQA,3,8,GCXk~{,1482.9360525608063,107,[],[0. 1. 1. 1. 1. 0. 1. 0.],6.510915383817326,"[1.0, 0, 0, 0, 0, 1.0, 0, 1.0]",6.510915383817328
74,gaussian,recursive,COBYQA,3,8,G?B@~w,1525.5643830299377,109,[],[1. 1. 1. 1. 0. 0. 1. 0.],3.7593134446360867,"[1.0, 1.0, 1.0, 1.0, 1.0, 0, 0, 0]",3.93487022973433
75,gaussian,recursive,COBYQA,3,8,GCznZ{,1564.4972777366638,107,[],[0. 1. 0. 1. 0. 1. 1. 0.],7.456502049762939,"[0, 1.0, 0, 1.0, 0, 1.0, 1.0, 0]",7.456502049762939
76,gaussian,recursive,COBYQA,3,8,G?BfN{,1595.2732646465302,125,[],[0. 1. 0. 0. 0. 1. 0. 1.],3.234348122092194,"[1.0, 0, 1.0, 1.0, 1.0, 0, 1.0, 0]",3.234348122092194
77,gaussian,recursive,COBYQA,3,8,G?ovf{,1540.5460782051086,112,[],[0. 0. 0. 0. 1. 1. 1. 0.],6.242557566308028,"[1.0, 1.0, 1.0, 1.0, 0, 0, 0, 1.0]",6.242557566308028
78,gaussian,recursive,COBYQA,3,8,GCRVfw,1539.856074810028,119,[],[1. 1. 1. 1. 1. 0. 0. 0.],6.838899355681475,"[1.0, 1.0, 1.0, 1.0, 1.0, 0, 0, 0]",6.838899355681476
79,gaussian,recursive,COBYQA,3,8,GCZvnk,1576.976063966751,107,[],[0. 0. 0. 0. 1. 0. 1. 1.],6.559321587398342,"[0, 0, 0, 0, 1.0, 0, 1.0, 1.0]",6.559321587398342
80,gaussian,recursive,COBYQA,3,9,H?r@fR],1855.0330731868744,107,[],[1. 1. 0. 0. 1. 0. 1. 0. 0.],7.291572586098402,"[0, 0, 1.0, 1.0, 0, 1.0, 0, 1.0, 1.0]",7.291572586098401
81,gaussian,recursive,COBYQA,3,9,HCQeLr~,1952.0906977653503,107,[],[1. 1. 0. 1. 1. 1. 0. 0. 0.],7.199905881936846,"[1.0, 0, 1.0, 1.0, 1.0, 0, 1.0, 0, 0]",7.98230402820067
82,gaussian,recursive,COBYQA,3,9,H?qlvNx,2016.7041680812836,105,[],[1. 0. 1. 0. 1. 0. 0. 1. 0.],9.073614273086973,"[0, 0, 1.0, 1.0, 1.0, 0, 0, 1.0, 0]",10.185457194060405
83,gaussian,recursive,COBYQA,3,9,HCQbQuv,1869.6550493240356,111,[],[1. 1. 1. 0. 0. 1. 0. 1. 0.],7.5035177858151965,"[1.0, 1.0, 1.0, 0, 0, 1.0, 0, 1.0, 0]",7.5035177858151965
84,gaussian,recursive,COBYQA,3,9,HCrfZzf,2000.457287788391,118,[],[1. 1. 1. 0. 0. 0. 1. 1. 0.],8.033912627316202,"[1.0, 0, 1.0, 0, 0, 0, 1.0, 1.0, 0]",8.325796434273311
85,gaussian,recursive,COBYQA,3,9,H?qbDo~,1844.0619897842407,114,[],[1. 1. 1. 1. 0. 0. 0. 0. 1.],7.747644048353771,"[0, 0, 0, 0, 1.0, 1.0, 1.0, 1.0, 0]",7.74764404835377
86,gaussian,recursive,COBYQA,3,9,H?`cnd},1933.067443370819,111,[],[0. 1. 1. 1. 1. 0. 1. 0. 0.],8.347116070076547,"[1.0, 0, 0, 0, 0, 1.0, 0, 1.0, 1.0]",8.347116070076549
87,gaussian,recursive,COBYQA,3,9,H?`cv`z,1799.9701511859894,104,[],[1. 1. 1. 1. 1. 0. 0. 0. 0.],7.425326529469268,"[1.0, 1.0, 1.0, 1.0, 1.0, 0, 0, 0, 0]",7.4253265294692685
88,gaussian,recursive,COBYQA,3,9,H?bFUi~,1883.8186163902283,114,[],[1. 0. 0. 0. 0. 0. 1. 1. 1.],7.764171831922255,"[1.0, 0, 0, 0, 0, 0, 1.0, 1.0, 1.0]",7.764171831922256
89,gaussian,recursive,COBYQA,3,9,HCQTefs,1849.0238161087036,107,[],[1. 1. 1. 1. 0. 0. 0. 0. 0.],7.2189069773577765,"[1.0, 1.0, 1.0, 1.0, 0, 0, 0, 0, 0]",7.2189069773577765
90,gaussian,recursive,COBYQA,3,9,H?`vFVt,1587.9834070205688,112,[],[1. 1. 1. 1. 0. 0. 0. 1. 0.],8.044071421187635,"[0, 0, 0, 0, 1.0, 1.0, 1.0, 0, 1.0]",8.044071421187637
91,gaussian,recursive,COBYQA,3,9,HCXmfqv,1629.8295850753784,112,[],[1. 1. 1. 0. 0. 0. 0. 0. 1.],6.237414002769117,"[1.0, 1.0, 1.0, 0, 1.0, 0, 0, 0, 1.0]",6.533122484141586
92,gaussian,recursive,COBYQA,3,9,HCQebj],1587.2131247520447,112,[],[0. 0. 0. 0. 1. 1. 1. 1. 1.],6.125951699247246,"[1.0, 1.0, 1.0, 1.0, 0, 0, 0, 0, 0]",6.125951699247246
93,gaussian,recursive,COBYQA,3,9,HCQbQpJ,7501.412930250168,106,[],[1. 0. 0. 0. 0. 0. 1. 1. 0.],4.211028141743718,"[0, 1.0, 1.0, 1.0, 1.0, 1.0, 0, 0, 1.0]",4.211028141743718
94,gaussian,recursive,COBYQA,3,9,HCdbFNf,2693.293130636215,115,[],[0. 0. 1. 1. 1. 0. 0. 1. 1.],8.327227026276733,"[0, 1.0, 1.0, 1.0, 1.0, 0, 0, 1.0, 1.0]",8.618099618340064
95,gaussian,recursive,COBYQA,3,9,H?`fffj,1268.0361416339874,109,[],[0. 0. 0. 0. 0. 1. 1. 1. 1.],6.532236701606372,"[1.0, 1.0, 1.0, 1.0, 1.0, 0, 0, 0, 0]",6.532236701606372
96,gaussian,recursive,COBYQA,3,9,H?ovfz{,1192.734052658081,105,[],[0. 0. 0. 0. 1. 0. 1. 1. 1.],8.36843075048951,"[1.0, 1.0, 1.0, 1.0, 0, 1.0, 0, 0, 0]",8.36843075048951
97,gaussian,recursive,COBYQA,3,9,HCrM\^~,1155.4635651111603,110,[],[1. 1. 0. 1. 0. 0. 0. 1. 1.],8.9078705711107,"[0, 0, 1.0, 1.0, 1.0, 1.0, 1.0, 0, 0]",9.397804657366132
98,gaussian,recursive,COBYQA,3,9,H?`fNrt,1082.191903591156,106,[],[0. 0. 0. 0. 0. 0. 1. 1. 1.],6.784150497834054,"[0, 0, 0, 0, 0, 0, 1.0, 1.0, 1.0]",6.784150497834054
99,gaussian,recursive,COBYQA,3,9,H?o~FB~,1082.057804107666,109,[],[1. 1. 1. 0. 0. 0. 0. 0. 1.],8.466571687859474,"[0, 0, 0, 1.0, 1.0, 1.0, 1.0, 1.0, 0]",8.466571687859474
