,graph_size,backend_mode,param_initialization,qaoa_variant,optimizer,warm_start,depth,problem_type,amount_shots,max_tol,lagrangian_multiplier,time_elapsed,quantum_func_evals,ratio,quantum_solution,quantum_obj_value,classic_solution,classic_value,final_params,percent_measure_optimal,hamming_dist,hamming_string,hamming_obj_func,graph_name
0,6,noisy_sampling,gaussian,vanilla,COBYLA,False,7,minvertexcover,5000,1e-08,2,2662.336191892624,242,1.4890661481873502,"[1, 0, 1, 1, 1, 1]",3.758292546712208,"[1.0, 1.0, 1.0, 0, 0, 0]",2.5239258519758856,"[3.10514537 1.53848148 4.26519658 2.17814267 2.97546375 1.3837483
 2.96728144 1.66792433 3.04350281 1.34986886 3.15153089 1.62943904
 2.97414686 1.97675381]",0.0048828125,0,,,>>graph6<<Emz_
1,6,noisy_sampling,gaussian,vanilla,COBYLA,True,7,minvertexcover,5000,1e-08,2,2412.75448846817,222,1.7941706808734268,"[1, 1, 1, 1, 1, 1]",4.528353764313619,"[1.0, 1.0, 1.0, 0, 0, 0]",2.5239258519758856,"[4.14603479 2.39260134 2.63594668 1.98564548 4.07628806 1.46472725
 3.24074653 1.47811284 3.04437359 1.5176744  3.07318764 2.61525035
 3.02539208 1.77747547]",0.005859375,0,[1 1 1 0 0 0],2.5239258519758856,>>graph6<<Emz_
2,9,noisy_sampling,gaussian,vanilla,COBYLA,True,7,minvertexcover,5000,1e-08,2,2949.42667388916,234,1.30695123302909,"[1, 1, 1, 1, 0, 1, 1, 0, 0]",3.1659822731968017,"[1.0, 0, 1.0, 0, 1.0, 0, 0, 1.0, 1.0]",2.4224180621178033,"[4.18001436 1.45649433 3.51238649 1.40796989 3.70519379 1.5207796
 3.07976789 3.05117242 3.12449095 2.43057551 3.09069596 1.64407321
 3.22532865 1.33953696]",0.0,0,[1 0 1 0 1 0 0 1 1],2.4224180621178033,>>graph6<<Hh_iS_u
3,6,noisy_sampling,gaussian,vanilla,COBYLA,False,7,minvertexcover,5000,1e-08,2,2045.2349989414215,220,1.786614779027567,"[1, 1, 0, 0, 0, 1]",4.509283228309861,"[1.0, 1.0, 1.0, 0, 0, 0]",2.5239258519758856,"[3.8404629  1.45523267 4.07604148 1.57767169 4.56879506 1.47419062
 3.46025516 1.70109399 3.39946063 1.49420207 2.68494869 1.90760793
 4.4722703  1.52813456]",0.037109375,0,,,>>graph6<<Emz_
4,9,noisy_sampling,gaussian,vanilla,COBYLA,False,7,minvertexcover,5000,1e-08,2,2354.424196958542,230,1.7538356253760075,"[1, 1, 1, 1, 1, 1, 1, 0, 1]",4.2485230968965135,"[1.0, 0, 1.0, 0, 1.0, 0, 0, 1.0, 1.0]",2.4224180621178033,"[4.05240199 1.86501349 2.89770928 1.56665591 3.32531051 1.35063668
 3.13559558 2.71686744 3.12020941 2.60965168 4.00686506 2.67608282
 3.15366679 2.58056104]",0.005859375,0,,,>>graph6<<Hh_iS_u
5,6,noisy_sampling,gaussian,vanilla,COBYLA,True,7,minvertexcover,5000,1e-08,2,2698.9637656211853,243,1.4782248416467056,"[0, 1, 1, 1, 1, 1]",3.7309298928650803,"[1.0, 1.0, 1.0, 0, 0, 0]",2.5239258519758856,"[4.40708837 1.36668207 4.17921241 1.46235522 2.67623407 1.98451289
 3.11434147 1.66975758 2.76155877 1.72943352 3.4227842  2.72520106
 3.32863202 1.79070636]",0.0322265625,0,[1 1 1 0 0 0],2.5239258519758856,>>graph6<<Emz_
6,9,noisy_sampling,gaussian,vanilla,COBYLA,True,7,minvertexcover,5000,1e-08,2,2742.5142982006073,236,1.4881278722257445,"[1, 1, 1, 1, 1, 1, 1, 1, 1]",4.5710840267798405,"[1.0, 1.0, 0, 0, 1.0, 1.0, 1.0, 1.0, 1.0]",3.0717011031740293,"[3.63411776 1.2591685  3.13418057 1.66578337 3.48505949 1.47801486
 3.00134802 3.0150032  3.13815917 2.25291885 4.01792966 2.06903298
 3.42825212 1.1873351 ]",0.0,0,[1 1 0 0 1 1 1 1 1],3.071701103174029,>>graph6<<HmzffJz
7,9,noisy_sampling,gaussian,vanilla,COBYLA,True,7,minvertexcover,5000,1e-08,2,2763.9986102581024,271,1.0,"[1, 0, 1, 0, 1, 0, 0, 1, 1]",2.4224180621178033,"[1.0, 0, 1.0, 0, 1.0, 0, 0, 1.0, 1.0]",2.4224180621178033,"[3.86620163 1.64781573 3.11138623 1.45695633 3.25056318 1.49024869
 2.79990453 2.93493498 3.40793183 1.74408567 3.93879244 1.50570703
 3.68330112 3.07824067]",0.1962890625,0,[1 0 1 0 1 0 0 1 1],2.4224180621178033,>>graph6<<Hh_iS_u
8,6,noisy_sampling,gaussian,vanilla,COBYLA,False,7,minvertexcover,5000,1e-08,2,2397.0179495811462,219,1.0,"[1, 1, 1, 0, 0, 0]",2.5239258519758856,"[1.0, 1.0, 1.0, 0, 0, 0]",2.5239258519758856,"[4.26306282 1.66729646 2.79815202 1.70744732 3.36100632 1.38222597
 2.94285377 2.66221202 3.04867125 1.31551381 3.24767092 2.80852346
 3.81280738 2.44019788]",0.12890625,0,,,>>graph6<<Emz_
9,9,noisy_sampling,gaussian,vanilla,COBYLA,False,7,minvertexcover,5000,1e-08,2,2490.1500482559204,210,1.1366231767968389,"[1, 1, 1, 0, 1, 1, 1, 0, 1]",3.4913666660600198,"[1.0, 1.0, 0, 0, 1.0, 1.0, 1.0, 1.0, 1.0]",3.0717011031740293,"[3.04559771 1.75281051 3.15524802 2.62961348 2.85256903 1.52473152
 3.20937471 1.47620055 3.61438702 1.39799169 3.82843078 2.39963148
 3.54703233 1.67376117]",0.0,0,,,>>graph6<<HmzffJz
10,9,noisy_sampling,gaussian,vanilla,COBYLA,False,7,minvertexcover,5000,1e-08,2,3432.996917963028,238,4.157895912859835,"[1, 0, 1, 1, 1, 1, 0, 0, 0]",12.771813462414341,"[1.0, 1.0, 0, 0, 1.0, 1.0, 1.0, 1.0, 1.0]",3.0717011031740293,"[2.85968356 1.96454301 3.25385849 2.50219858 2.87069619 1.58680744
 2.83698293 1.73916908 3.36088064 1.73376361 3.15371532 2.57464498
 3.88327379 1.38031455]",0.0,0,,,>>graph6<<HmzffJz
11,9,noisy_sampling,gaussian,vanilla,COBYLA,False,7,minvertexcover,5000,1e-08,2,2991.597639799118,239,1.9321748104335792,"[1, 1, 1, 1, 1, 1, 1, 1, 1]",4.680535159963345,"[1.0, 0, 1.0, 0, 1.0, 0, 0, 1.0, 1.0]",2.4224180621178033,"[2.98559477 2.09364378 3.19618391 3.07070722 2.81923608 1.40934969
 3.24324265 0.23138948 2.90159659 1.52586686 3.96147138 0.97984874
 2.66819138 1.2632438 ]",0.001953125,0,,,>>graph6<<Hh_iS_u
12,9,noisy_sampling,gaussian,vanilla,COBYLA,True,7,minvertexcover,5000,1e-08,2,2962.274475812912,212,1.159419943606804,"[1, 1, 1, 1, 1, 1, 0, 0, 1]",3.561391519818991,"[1.0, 1.0, 0, 0, 1.0, 1.0, 1.0, 1.0, 1.0]",3.0717011031740293,"[4.32960191 1.87436952 3.06518713 1.42214248 3.31728989 1.63724286
 2.82807327 1.63649923 3.31047349 1.64195538 3.27927546 1.38593109
 3.60129774 1.45851515]",0.0,0,[1 1 0 0 1 1 1 1 1],3.071701103174029,>>graph6<<HmzffJz
13,9,noisy_sampling,gaussian,vanilla,COBYLA,False,7,minvertexcover,5000,1e-08,2,3725.2083656787872,261,1.4881278722257445,"[1, 1, 1, 1, 1, 1, 1, 1, 1]",4.5710840267798405,"[1.0, 1.0, 0, 0, 1.0, 1.0, 1.0, 1.0, 1.0]",3.0717011031740293,"[3.17168365 2.11910374 2.74546283 2.69141986 3.36157239 1.97427844
 3.15471999 2.51012128 3.21573802 1.67033242 3.21903093 2.91332409
 3.22894709 1.44639258]",0.0,0,,,>>graph6<<HmzffJz
14,9,noisy_sampling,gaussian,vanilla,COBYLA,False,7,minvertexcover,5000,1e-08,2,3675.664071559906,291,1.3806637359185223,"[0, 1, 1, 1, 1, 1, 1, 0, 0]",3.344544771600073,"[1.0, 0, 1.0, 0, 1.0, 0, 0, 1.0, 1.0]",2.4224180621178033,"[3.1462437  2.47998213 4.68251645 1.5361202  4.47293287 1.50155694
 2.87509931 1.58228807 4.40093547 1.33215771 3.06267954 1.35200508
 3.18455568 2.5298824 ]",0.0,0,,,>>graph6<<Hh_iS_u
15,6,noisy_sampling,gaussian,vanilla,COBYLA,True,7,minvertexcover,5000,1e-08,2,2040.1691491603851,212,1.1101165201001477,"[1, 0, 0, 1, 1, 1]",2.8018517837862706,"[1.0, 1.0, 1.0, 0, 0, 0]",2.5239258519758856,"[4.21050308 1.17238449 3.5672159  1.65095569 3.07371595 1.47498536
 2.93483758 2.75495199 3.69339926 1.90349785 3.22962628 2.77538203
 3.8179148  2.54961228]",0.0029296875,0,[1 1 1 0 0 0],2.5239258519758856,>>graph6<<Emz_
16,9,noisy_sampling,gaussian,vanilla,COBYLA,True,7,minvertexcover,5000,1e-08,2,3065.514125108719,243,3.042073217660824,"[0, 1, 1, 1, 0, 1, 1, 1, 0]",9.344339658624921,"[1.0, 1.0, 0, 0, 1.0, 1.0, 1.0, 1.0, 1.0]",3.0717011031740293,"[4.43480508 1.42762188 2.74226533 1.52027303 3.12637709 1.52258416
 3.09662091 2.66074887 3.2685747  1.50770498 3.02049992 1.26023236
 3.98867493 2.35866945]",0.0,0,[1 1 0 0 1 1 1 1 1],3.071701103174029,>>graph6<<HmzffJz
17,6,noisy_sampling,gaussian,vanilla,COBYLA,False,7,minvertexcover,5000,1e-08,2,1986.1809010505676,202,1.7857548133691183,"[1, 0, 0, 0, 1, 1]",4.50711273875269,"[1.0, 1.0, 1.0, 0, 0, 0]",2.5239258519758856,"[3.1362949  1.57118961 4.08220028 1.67862307 3.46212464 1.8290869
 2.68708562 1.71680792 3.22149524 1.6176622  3.88803988 1.40350507
 2.72843486 2.60487644]",0.015625,0,,,>>graph6<<Emz_
18,9,noisy_sampling,gaussian,vanilla,COBYLA,False,7,minvertexcover,5000,1e-08,2,2634.214790582657,229,1.5688591063944497,"[1, 1, 1, 1, 1, 1, 1, 0, 0]",3.8004326362479115,"[1.0, 0, 1.0, 0, 1.0, 0, 0, 1.0, 1.0]",2.4224180621178033,"[3.20179491 1.5120461  4.31764011 1.58262379 2.72307869 1.73221509
 3.32882524 1.67152682 3.01798552 1.77579429 4.40335308 1.63310348
 4.0611359  1.52452281]",0.0,0,,,>>graph6<<Hh_iS_u
19,6,noisy_sampling,gaussian,vanilla,COBYLA,True,7,minvertexcover,5000,1e-08,2,2563.830999135971,260,1.1167780126356885,"[1, 1, 1, 1, 0, 0]",2.8186648970094663,"[1.0, 1.0, 1.0, 0, 0, 0]",2.5239258519758856,"[4.41582864 0.93109068 3.09756123 1.38865814 3.63697598 1.82251609
 3.13176638 2.74746016 3.18291821 2.57402535 3.14747967 1.35816854
 2.87951733 1.55623116]",0.017578125,0,[1 1 1 0 0 0],2.5239258519758856,>>graph6<<Emz_
20,9,noisy_sampling,gaussian,vanilla,COBYLA,True,7,minvertexcover,5000,1e-08,2,3312.929357767105,249,1.7439794399576516,"[0, 1, 1, 1, 1, 1, 1, 1, 1]",4.224647295315506,"[1.0, 0, 1.0, 0, 1.0, 0, 0, 1.0, 1.0]",2.4224180621178033,"[4.33671691 1.20858097 2.89745301 1.07868675 3.30091301 1.70458371
 3.3437124  1.50658722 3.16720239 1.53059467 3.04860984 1.3129313
 3.71995475 2.81017536]",0.001953125,0,[1 0 1 0 1 0 0 1 1],2.4224180621178033,>>graph6<<Hh_iS_u
21,9,noisy_sampling,gaussian,vanilla,COBYLA,False,7,minvertexcover,5000,1e-08,2,3087.453247308731,209,4.4139110943977276,"[1, 0, 0, 0, 1, 1, 0, 0, 1]",13.558215577973588,"[1.0, 1.0, 0, 0, 1.0, 1.0, 1.0, 1.0, 1.0]",3.0717011031740293,"[3.25713501 2.43439198 4.45648408 1.64305625 2.9918612  1.4591672
 3.08467144 1.68683223 3.2156225  2.51565289 2.79642964 2.631452
 3.30399452 2.51425718]",0.0,0,,,>>graph6<<HmzffJz
22,9,noisy_sampling,gaussian,vanilla,COBYLA,True,7,minvertexcover,5000,1e-08,2,3439.440967321396,226,1.2597814021776308,"[1, 1, 0, 1, 1, 1, 1, 1, 1]",3.869671922827154,"[1.0, 1.0, 0, 0, 1.0, 1.0, 1.0, 1.0, 1.0]",3.0717011031740293,"[4.48656068 1.69824863 2.90636581 1.6590512  3.23353893 1.49919751
 3.19518052 1.12051477 3.31301876 0.88496446 3.11234789 1.40419552
 4.02318153 1.46421701]",0.0,0,[1 1 0 0 1 1 1 1 1],3.071701103174029,>>graph6<<HmzffJz
23,9,noisy_sampling,gaussian,vanilla,COBYLA,True,7,minvertexcover,5000,1e-08,2,3369.1355760097504,251,1.8800919908601939,"[1, 0, 1, 1, 1, 0, 0, 0, 1]",4.554368797102754,"[1.0, 0, 1.0, 0, 1.0, 0, 0, 1.0, 1.0]",2.4224180621178033,"[4.49934975 1.37011629 3.42044072 1.5973066  3.06113959 1.37879812
 3.02060189 2.85371082 3.48844288 2.62403065 4.14798634 1.45219045
 2.99527487 2.70310911]",0.0068359375,0,[1 0 1 0 1 0 0 1 1],2.4224180621178033,>>graph6<<Hh_iS_u
24,6,noisy_sampling,gaussian,vanilla,COBYLA,False,7,minvertexcover,5000,1e-08,2,2485.169422388077,214,1.0,"[1, 1, 1, 0, 0, 0]",2.5239258519758856,"[1.0, 1.0, 1.0, 0, 0, 0]",2.5239258519758856,"[3.42773568 1.7785434  3.16499975 1.50280713 3.19504975 1.72464354
 2.96052586 1.46884773 3.04531621 1.56702636 2.80438979 1.78351305
 2.89774769 1.44332876]",0.0302734375,0,,,>>graph6<<Emz_
25,9,noisy_sampling,gaussian,vanilla,COBYLA,False,7,minvertexcover,5000,1e-08,2,3713.086343050003,242,1.4881278722257445,"[1, 1, 1, 1, 1, 1, 1, 1, 1]",4.5710840267798405,"[1.0, 1.0, 0, 0, 1.0, 1.0, 1.0, 1.0, 1.0]",3.0717011031740293,"[4.63868983 1.58621877 4.10709658 1.86569434 2.8172857  1.56265035
 3.183529   1.47330405 3.34875611 1.66508378 3.44542895 1.35871616
 3.28836089 1.38594808]",0.0,0,,,>>graph6<<HmzffJz
26,9,noisy_sampling,gaussian,vanilla,COBYLA,False,7,minvertexcover,5000,1e-08,2,2924.482576608658,248,2.207899375084989,"[1, 1, 0, 1, 1, 1, 1, 0, 0]",5.348455325544489,"[1.0, 0, 1.0, 0, 1.0, 0, 0, 1.0, 1.0]",2.4224180621178033,"[3.13976429 1.55477192 3.56611309 1.30661356 3.14424718 1.56241083
 3.51116624 1.79239587 3.15514515 1.50204601 2.65705894 1.62067726
 3.34486912 1.5995372 ]",0.001953125,0,,,>>graph6<<Hh_iS_u
27,6,noisy_sampling,gaussian,vanilla,COBYLA,True,7,minvertexcover,5000,1e-08,2,2233.1744396686554,215,1.1167780126356885,"[1, 1, 1, 1, 0, 0]",2.8186648970094663,"[1.0, 1.0, 1.0, 0, 0, 0]",2.5239258519758856,"[4.07451547 1.44852359 4.23689198 1.95116966 3.1355314  1.52130135
 2.79935022 1.62535548 3.31562149 1.41396091 2.93076684 1.67859737
 3.01900824 1.3020617 ]",0.0244140625,0,[1 1 1 0 0 0],2.5239258519758856,>>graph6<<Emz_
28,9,noisy_sampling,gaussian,vanilla,COBYLA,True,7,minvertexcover,5000,1e-08,2,2712.097791671753,221,1.6702669370682193,"[1, 1, 1, 1, 0, 1, 1, 1, 1]",4.046084796912234,"[1.0, 0, 1.0, 0, 1.0, 0, 0, 1.0, 1.0]",2.4224180621178033,"[4.23055777 2.57423744 3.15207822 1.5264474  4.01379003 1.44878915
 3.09555377 1.34407851 2.76417385 1.62946244 3.01014982 1.50969895
 3.36303164 2.69478419]",0.001953125,0,[1 0 1 0 1 0 0 1 1],2.4224180621178033,>>graph6<<Hh_iS_u
29,6,noisy_sampling,gaussian,vanilla,COBYLA,False,7,minvertexcover,5000,1e-08,2,2418.1975400447845,211,1.1167780126356885,"[1, 1, 1, 1, 0, 0]",2.8186648970094663,"[1.0, 1.0, 1.0, 0, 0, 0]",2.5239258519758856,"[4.11057906 1.55906973 3.16500827 1.51009341 3.70559832 2.15450591
 3.41004686 2.63369156 3.95354017 2.52626313 3.14254506 1.50485402
 3.17985271 2.6491806 ]",0.0146484375,0,,,>>graph6<<Emz_
30,9,noisy_sampling,gaussian,vanilla,COBYLA,True,7,minvertexcover,5000,1e-08,2,3072.1403195858,222,2.7806658057214793,"[1, 0, 1, 0, 1, 1, 0, 1, 1]",8.54137422299297,"[1.0, 1.0, 0, 0, 1.0, 1.0, 1.0, 1.0, 1.0]",3.0717011031740293,"[4.28662235 1.74321617 3.3807616  1.78521498 2.89029792 1.60843183
 3.07635651 1.55893643 3.16737626 1.29335448 3.57961416 1.94200014
 3.09661874 1.62702929]",0.0,0,[1 1 0 0 1 1 1 1 1],3.071701103174029,>>graph6<<HmzffJz
31,9,noisy_sampling,gaussian,vanilla,COBYLA,False,7,minvertexcover,5000,1e-08,2,3987.3661551475525,270,1.4881278722257445,"[1, 1, 1, 1, 1, 1, 1, 1, 1]",4.5710840267798405,"[1.0, 1.0, 0, 0, 1.0, 1.0, 1.0, 1.0, 1.0]",3.0717011031740293,"[4.66184367 2.34625812 3.10685065 1.56892144 3.12143426 1.68376144
 3.19305068 2.99744657 3.28788571 1.325546   3.67515527 1.58694788
 3.30330822 2.12799779]",0.0,0,,,>>graph6<<HmzffJz
32,9,noisy_sampling,gaussian,vanilla,COBYLA,False,7,minvertexcover,5000,1e-08,2,3506.6382863521576,261,1.9321748104335792,"[1, 1, 1, 1, 1, 1, 1, 1, 1]",4.680535159963345,"[1.0, 0, 1.0, 0, 1.0, 0, 0, 1.0, 1.0]",2.4224180621178033,"[3.94610287 1.39519938 3.07720806 3.22128407 3.09699754 1.53237289
 3.05661684 3.04473953 3.13327771 1.92349009 3.55707052 1.53382885
 3.1802195  1.55340349]",0.0,0,,,>>graph6<<Hh_iS_u
33,6,noisy_sampling,gaussian,vanilla,COBYLA,True,7,minvertexcover,5000,1e-08,2,2841.6631116867065,239,1.6773926682377382,"[1, 1, 1, 0, 1, 1]",4.2336147192800375,"[1.0, 1.0, 1.0, 0, 0, 0]",2.5239258519758856,"[4.25227337 2.61347086 4.15850044 1.92376801 2.38424963 0.95440506
 3.10263648 1.33029655 3.09142002 2.23299595 3.57652353 1.1487078
 3.02869915 1.3950821 ]",0.013671875,0,[1 1 1 0 0 0],2.5239258519758856,>>graph6<<Emz_
34,9,noisy_sampling,gaussian,vanilla,COBYLA,True,7,minvertexcover,5000,1e-08,2,2961.383204936981,211,2.3049423194550247,"[1, 0, 0, 1, 1, 1, 1, 1, 0]",7.080093865422505,"[1.0, 1.0, 0, 0, 1.0, 1.0, 1.0, 1.0, 1.0]",3.0717011031740293,"[4.28178893 1.54757048 2.71610085 1.45607067 3.01167983 1.49585982
 2.99170603 1.40494704 3.24819681 1.58032113 2.94477062 2.7584547
 3.11163402 1.78214123]",0.0,0,[1 1 0 0 1 1 1 1 1],3.071701103174029,>>graph6<<HmzffJz
35,9,noisy_sampling,gaussian,vanilla,COBYLA,True,7,minvertexcover,5000,1e-08,2,3735.0080375671387,273,1.5590029209760938,"[0, 1, 1, 1, 1, 1, 1, 1, 0]",3.7765568346669043,"[1.0, 0, 1.0, 0, 1.0, 0, 0, 1.0, 1.0]",2.4224180621178033,"[2.7578603  1.33927055 2.77103543 1.45703434 4.25312733 1.31162242
 3.18167949 0.97375563 2.92110757 1.41749698 2.96512914 0.96556848
 3.00474204 2.52739247]",0.0029296875,0,[1 0 1 0 1 0 0 1 1],2.4224180621178033,>>graph6<<Hh_iS_u
36,6,noisy_sampling,gaussian,vanilla,COBYLA,False,7,minvertexcover,5000,1e-08,2,2668.516924381256,246,1.7941706808734268,"[1, 1, 1, 1, 1, 1]",4.528353764313619,"[1.0, 1.0, 1.0, 0, 0, 0]",2.5239258519758856,"[4.68657582 1.65661561 4.20110298 1.42043399 2.74435639 1.45024116
 2.77469288 1.31116398 3.63429564 1.63625786 3.88034461 1.74388931
 4.55261317 2.35432769]",0.0048828125,0,,,>>graph6<<Emz_
37,9,noisy_sampling,gaussian,vanilla,COBYLA,False,7,minvertexcover,5000,1e-08,2,3503.7377507686615,233,2.913887236401723,"[0, 1, 1, 1, 1, 1, 0, 1, 0]",8.950590638579897,"[1.0, 1.0, 0, 0, 1.0, 1.0, 1.0, 1.0, 1.0]",3.0717011031740293,"[3.8772381  1.28106196 2.97721749 2.74410785 2.92964428 1.16177455
 2.88270056 0.95619609 3.30117162 1.75785764 3.92075208 1.39148939
 2.85491029 1.68730166]",0.0,0,,,>>graph6<<HmzffJz
38,9,noisy_sampling,gaussian,vanilla,COBYLA,False,7,minvertexcover,5000,1e-08,2,2751.3886415958405,210,6.450365494960006,"[0, 1, 0, 0, 0, 1, 0, 1, 0]",15.625481882252563,"[1.0, 0, 1.0, 0, 1.0, 0, 0, 1.0, 1.0]",2.4224180621178033,"[3.99971402 1.58648107 3.18937133 1.44008524 2.94252096 1.58615067
 3.24380102 1.60769928 4.11840734 1.5224221  3.14785094 2.53851513
 3.35914699 2.48918688]",0.00390625,0,,,>>graph6<<Hh_iS_u
39,6,noisy_sampling,gaussian,vanilla,COBYLA,True,7,minvertexcover,5000,1e-08,2,2705.8440823554993,246,1.1167780126356885,"[1, 1, 1, 1, 0, 0]",2.8186648970094663,"[1.0, 1.0, 1.0, 0, 0, 0]",2.5239258519758856,"[3.1317572  2.69551205 2.94880347 1.44439581 3.14498567 1.60387428
 3.41860727 2.86528696 2.82933137 1.6836618  3.28072499 2.95903553
 3.01928734 2.61174964]",0.09765625,0,[1 1 1 0 0 0],2.5239258519758856,>>graph6<<Emz_
40,9,noisy_sampling,gaussian,vanilla,COBYLA,True,7,minvertexcover,5000,1e-08,2,3800.399781703949,253,1.2905948562321778,"[0, 1, 1, 1, 1, 1, 1, 1, 1]",3.9643216436391087,"[1.0, 1.0, 0, 0, 1.0, 1.0, 1.0, 1.0, 1.0]",3.0717011031740293,"[4.08782035 1.91622658 4.16573404 1.6290875  2.94311444 1.60542656
 3.16146855 2.8258168  2.96493177 2.73858212 3.20485709 1.55178341
 3.09233406 2.69679138]",0.0,0,[1 1 0 0 1 1 1 1 1],3.071701103174029,>>graph6<<HmzffJz
41,9,noisy_sampling,gaussian,vanilla,COBYLA,True,7,minvertexcover,5000,1e-08,2,3000.396776199341,243,1.5111695848500095,"[0, 1, 1, 0, 1, 1, 1, 1, 1]",3.6606844972637256,"[1.0, 0, 1.0, 0, 1.0, 0, 0, 1.0, 1.0]",2.4224180621178033,"[4.10812482 1.44056447 3.42110553 1.4569185  3.37095243 2.00776966
 3.44327629 2.83181801 3.37825356 2.5970487  2.98237186 1.13560689
 2.80789231 2.60838989]",0.00390625,0,[1 0 1 0 1 0 0 1 1],2.4224180621178033,>>graph6<<Hh_iS_u
42,6,noisy_sampling,gaussian,vanilla,COBYLA,False,7,minvertexcover,5000,1e-08,2,2430.1491844654083,196,2.1538631349156763,"[0, 1, 1, 0, 1, 1]",5.4361908478315,"[1.0, 1.0, 1.0, 0, 0, 0]",2.5239258519758856,"[4.00547502 1.64845425 4.15043158 1.44750472 2.69886857 1.4172519
 3.19787284 1.68053672 2.91573587 1.52071536 3.07407982 1.39308602
 4.03085509 2.60980178]",0.01171875,0,,,>>graph6<<Emz_
43,9,noisy_sampling,gaussian,vanilla,COBYLA,False,7,minvertexcover,5000,1e-08,2,2915.572631597519,193,5.150614619619045,"[0, 1, 1, 0, 1, 0, 0, 1, 0]",15.821148609108105,"[1.0, 1.0, 0, 0, 1.0, 1.0, 1.0, 1.0, 1.0]",3.0717011031740293,"[4.26292751 1.67582399 3.16973522 2.50788159 3.1260549  1.74090463
 4.33217696 1.74990253 3.36964724 1.63983882 3.48447632 1.55257843
 2.96485588 1.49815152]",0.0,0,,,>>graph6<<HmzffJz
44,9,noisy_sampling,gaussian,vanilla,COBYLA,False,7,minvertexcover,5000,1e-08,2,3166.3156042099,246,1.9321748104335792,"[1, 1, 1, 1, 1, 1, 1, 1, 1]",4.680535159963345,"[1.0, 0, 1.0, 0, 1.0, 0, 0, 1.0, 1.0]",2.4224180621178033,"[4.67532869 1.60356628 3.85751789 2.96546653 3.10117752 1.66283957
 3.18214939 1.78286062 2.91497059 1.54754249 3.01109484 1.09455499
 2.58574992 2.5623722 ]",0.0009765625,0,,,>>graph6<<Hh_iS_u
45,6,noisy_sampling,gaussian,vanilla,COBYLA,True,7,minvertexcover,5000,1e-08,2,2796.7575352191925,236,1.2984430401505362,"[1, 1, 0, 0, 1, 1]",3.277173956354101,"[1.0, 1.0, 1.0, 0, 0, 0]",2.5239258519758856,"[4.13365625 1.53494621 3.37124482 1.77287462 3.87180179 1.51589056
 4.45029607 1.27831279 3.01071966 1.63167    3.38090802 1.71979456
 2.64235667 1.60024988]",0.046875,0,[1 1 1 0 0 0],2.5239258519758856,>>graph6<<Emz_
46,9,noisy_sampling,gaussian,vanilla,COBYLA,True,7,minvertexcover,5000,1e-08,2,3233.067033290863,208,1.8191631262515686,"[1, 1, 0, 1, 1, 1, 1, 0, 1]",5.587925381760459,"[1.0, 1.0, 0, 0, 1.0, 1.0, 1.0, 1.0, 1.0]",3.0717011031740293,"[4.05579255 1.63461966 3.11142468 1.77987997 2.96943681 1.47508521
 3.14312222 1.52207377 3.34025032 2.42208856 4.13739319 1.56084096
 3.14178557 1.58707979]",0.0,0,[1 1 0 0 1 1 1 1 1],3.071701103174029,>>graph6<<HmzffJz
47,9,noisy_sampling,gaussian,vanilla,COBYLA,True,7,minvertexcover,5000,1e-08,2,3161.150387763977,242,1.3806637359185223,"[0, 1, 1, 1, 1, 1, 1, 0, 0]",3.344544771600073,"[1.0, 0, 1.0, 0, 1.0, 0, 0, 1.0, 1.0]",2.4224180621178033,"[4.33152344 0.93659149 2.71437184 1.46800253 3.02689258 1.15522546
 2.89436951 2.66565054 3.12468368 1.39968696 2.85081851 2.50232514
 3.22046604 2.52289601]",0.0,0,[1 0 1 0 1 0 0 1 1],2.4224180621178033,>>graph6<<Hh_iS_u
48,6,noisy_sampling,gaussian,vanilla,COBYLA,False,7,minvertexcover,5000,1e-08,2,2651.8082633018494,238,1.4890661481873502,"[1, 0, 1, 1, 1, 1]",3.758292546712208,"[1.0, 1.0, 1.0, 0, 0, 0]",2.5239258519758856,"[4.21602737 1.42836104 4.19905665 2.47553091 3.31330337 1.37469762
 3.00607891 2.65487849 4.36845505 1.95065959 3.02785864 2.64855217
 4.24666418 2.75957651]",0.01171875,0,,,>>graph6<<Emz_
49,9,noisy_sampling,gaussian,vanilla,COBYLA,False,7,minvertexcover,5000,1e-08,2,3112.9915828704834,208,1.533668197897094,"[1, 1, 1, 0, 0, 1, 0, 1, 1]",4.710970295383429,"[1.0, 1.0, 0, 0, 1.0, 1.0, 1.0, 1.0, 1.0]",3.0717011031740293,"[3.138465   1.48806452 4.18665027 2.63519225 2.91580042 1.35908027
 3.0355864  1.41343987 2.89360918 1.20856733 2.70339669 1.62995655
 3.00644186 1.66160456]",0.0,0,,,>>graph6<<HmzffJz
50,12,noisy_sampling,gaussian,vanilla,COBYLA,False,7,minvertexcover,5000,1e-08,2,76880.47310805321,205,1.8816665560024308,"[0, 1, 0, 0, 1, 1, 1, 1, 1, 1, 1, 1]",8.603113575694536,"[1.0, 1.0, 0, 0, 1.0, 1.0, 1.0, 1.0, 1.0, 1.0, 1.0, 0]",4.572071256860571,"[2.89479511 1.48786312 3.2954728  2.50144995 3.25333318 1.63695381
 3.14704773 1.54215934 3.10901784 1.6875564  3.31454954 1.41204777
 3.20748594 1.55095905]",0.0009765625,0,,,>>graph6<<KmzffJznl{hU
51,9,noisy_sampling,gaussian,vanilla,COBYLA,False,7,minvertexcover,5000,1e-08,2,3167.9151504039764,235,2.207899375084989,"[1, 1, 0, 1, 1, 1, 1, 0, 0]",5.348455325544489,"[1.0, 0, 1.0, 0, 1.0, 0, 0, 1.0, 1.0]",2.4224180621178033,"[3.14194391 1.55092212 3.78998527 1.75692066 2.93858886 1.33720974
 2.80819093 1.60652496 3.17036873 1.45367124 3.38695568 1.72098208
 3.42124814 2.56641475]",0.0009765625,0,,,>>graph6<<Hh_iS_u
52,6,noisy_sampling,gaussian,vanilla,COBYLA,True,7,minvertexcover,5000,1e-08,2,2765.106313228607,249,1.4210225796633162,"[1, 1, 1, 1, 1, 0]",3.5865556250537063,"[1.0, 1.0, 1.0, 0, 0, 0]",2.5239258519758856,"[4.37385265 0.58330495 3.32722865 1.40477157 3.92100946 2.38566283
 3.01152914 2.93602682 3.24537878 2.3804939  4.00609886 3.10654907
 3.10473682 2.66670875]",0.025390625,0,[1 1 1 0 0 0],2.5239258519758856,>>graph6<<Emz_
53,9,noisy_sampling,gaussian,vanilla,COBYLA,True,7,minvertexcover,5000,1e-08,2,3767.2045888900757,243,1.8092102177448655,"[1, 1, 1, 1, 1, 1, 0, 1, 0]",5.557353021720629,"[1.0, 1.0, 0, 0, 1.0, 1.0, 1.0, 1.0, 1.0]",3.0717011031740293,"[4.14303768 1.41921572 3.19246387 1.68506294 2.94879213 1.48961749
 3.13375148 1.61551263 3.15625339 2.39851528 3.9170037  1.73502071
 2.96570424 1.43653338]",0.0,0,[1 1 0 0 1 1 1 1 1],3.071701103174029,>>graph6<<HmzffJz
54,9,noisy_sampling,gaussian,vanilla,COBYLA,True,7,minvertexcover,5000,1e-08,2,2764.8698670864105,219,1.7471982914520217,"[1, 1, 1, 1, 1, 1, 1, 1, 0]",4.232444699314743,"[1.0, 0, 1.0, 0, 1.0, 0, 0, 1.0, 1.0]",2.4224180621178033,"[3.91035135 1.68890216 3.3643186  1.43372854 2.79985892 1.3231674
 2.76318412 1.48120929 3.1718694  2.480942   3.58617552 1.22878746
 2.80654433 2.69977893]",0.0009765625,0,[1 0 1 0 1 0 0 1 1],2.4224180621178033,>>graph6<<Hh_iS_u
55,6,noisy_sampling,gaussian,vanilla,COBYLA,False,7,minvertexcover,5000,1e-08,2,2882.046087026596,242,2.3226609963578038,"[1, 1, 0, 1, 0, 0]",5.8622241340835295,"[1.0, 1.0, 1.0, 0, 0, 0]",2.5239258519758856,"[4.11605396 1.69651498 3.57300916 1.58008336 3.25590432 1.83559503
 4.0908715  1.4516887  2.93729764 1.61767332 3.24993378 1.58419821
 3.90282448 2.49585986]",0.0244140625,0,,,>>graph6<<Emz_
56,9,noisy_sampling,gaussian,vanilla,COBYLA,False,7,minvertexcover,5000,1e-08,2,3197.3905646800995,222,3.242875972372677,"[0, 0, 0, 0, 1, 1, 1, 1, 1]",9.961145701793706,"[1.0, 1.0, 0, 0, 1.0, 1.0, 1.0, 1.0, 1.0]",3.0717011031740293,"[3.17410794 1.67046379 2.80255824 1.80874861 3.20930434 1.74265259
 2.79216235 1.59953166 2.75609106 1.34789572 3.05428376 1.64169832
 3.0480272  1.61490633]",0.0,0,,,>>graph6<<HmzffJz
57,9,noisy_sampling,gaussian,vanilla,COBYLA,False,7,minvertexcover,5000,1e-08,2,3142.103273630142,245,1.0,"[1, 0, 1, 0, 1, 0, 0, 1, 1]",2.4224180621178033,"[1.0, 0, 1.0, 0, 1.0, 0, 0, 1.0, 1.0]",2.4224180621178033,"[4.28466483 1.26311113 3.33178279 1.56170159 2.63155457 2.11373356
 4.85637832 3.00246068 3.46636631 2.04967592 2.81708813 1.60563175
 3.48143777 1.32745288]",0.046875,0,,,>>graph6<<Hh_iS_u
58,6,noisy_sampling,gaussian,vanilla,COBYLA,True,7,minvertexcover,5000,1e-08,2,2700.1904480457306,242,1.4152210527862246,"[1, 1, 0, 1, 1, 1]",3.5719130013876814,"[1.0, 1.0, 1.0, 0, 0, 0]",2.5239258519758856,"[4.4743956  1.35794876 3.0848643  1.61004194 3.23599337 1.75092255
 3.05901885 2.93016594 3.40018934 2.72582026 3.92573    1.70709088
 3.91074011 1.48182705]",0.0224609375,0,[1 1 1 0 0 0],2.5239258519758856,>>graph6<<Emz_
59,9,noisy_sampling,gaussian,vanilla,COBYLA,True,7,minvertexcover,5000,1e-08,2,3646.660033226013,253,1.4881278722257445,"[1, 1, 1, 1, 1, 1, 1, 1, 1]",4.5710840267798405,"[1.0, 1.0, 0, 0, 1.0, 1.0, 1.0, 1.0, 1.0]",3.0717011031740293,"[4.14620074 1.55653806 2.64247281 1.51077604 2.72213102 1.33273522
 3.17047061 3.22923593 3.68232072 2.91578221 2.82872124 1.71746149
 2.99558412 2.67853269]",0.0,0,[1 1 0 0 1 1 1 1 1],3.071701103174029,>>graph6<<HmzffJz
60,12,noisy_sampling,gaussian,vanilla,COBYLA,False,7,minvertexcover,5000,1e-08,2,80829.4089961052,220,5.53834670816037,"[1, 0, 0, 1, 0, 1, 0, 0, 0, 1, 1, 1]",25.321715794908393,"[1.0, 1.0, 0, 0, 1.0, 1.0, 1.0, 1.0, 1.0, 1.0, 1.0, 0]",4.572071256860571,"[2.9282217  1.64134006 2.83785223 2.59490509 2.91368215 1.56201625
 2.72599348 1.39975299 4.10856421 1.71126407 4.12498509 1.6521662
 3.33023438 1.59028519]",0.0,0,,,>>graph6<<KmzffJznl{hU
61,12,noisy_sampling,gaussian,vanilla,COBYLA,False,7,minvertexcover,5000,1e-08,2,81568.02807664871,214,1.6379411665479904,"[1, 0, 1, 1, 1, 0, 1, 1, 1, 1, 1, 0]",7.4887837280027405,"[1.0, 1.0, 0, 0, 1.0, 1.0, 1.0, 1.0, 1.0, 1.0, 1.0, 0]",4.572071256860571,"[4.12111814 1.41843798 3.19932634 1.66554213 2.98756442 1.64462844
 3.21364003 2.78522971 4.32408548 1.52647163 3.21576617 1.3367986
 3.32423783 1.48122991]",0.0009765625,0,,,>>graph6<<KmzffJznl{hU
62,12,noisy_sampling,gaussian,vanilla,COBYLA,True,7,minvertexcover,5000,1e-08,2,80977.62674236298,204,2.09310850711117,"[1, 1, 0, 0, 1, 0, 1, 0, 1, 1, 1, 0]",9.56984124285332,"[1.0, 1.0, 0, 0, 1.0, 1.0, 1.0, 1.0, 1.0, 1.0, 1.0, 0]",4.572071256860571,"[4.17690218 1.54570026 3.19669518 1.63626679 2.83607673 1.73548033
 3.1497397  1.60409576 3.086915   2.70715659 3.2426077  1.54014816
 3.16547244 1.5664969 ]",0.0,0,[1 1 0 0 1 1 1 1 1 1 1 0],4.572071256860571,>>graph6<<KmzffJznl{hU
63,12,noisy_sampling,gaussian,vanilla,COBYLA,False,7,minvertexcover,5000,1e-08,2,74627.87010478973,192,9.252778758683068,"[0, 1, 0, 1, 0, 0, 1, 0, 0, 0, 0, 1]",42.30436380866489,"[1.0, 1.0, 0, 0, 1.0, 1.0, 1.0, 1.0, 1.0, 1.0, 1.0, 0]",4.572071256860571,"[4.10752377 1.51014769 4.3283473  2.65846201 3.48921696 1.55508279
 3.32263318 1.46086724 3.69350519 1.66077459 3.147938   1.61151584
 2.9567316  1.52563584]",0.0009765625,0,,,>>graph6<<KmzffJznl{hU
64,12,noisy_sampling,gaussian,vanilla,COBYLA,False,7,minvertexcover,5000,1e-08,2,74637.50352144241,194,3.4405971063623277,"[1, 1, 1, 0, 1, 0, 1, 0, 0, 0, 1, 1]",15.730655136436852,"[1.0, 1.0, 0, 0, 1.0, 1.0, 1.0, 1.0, 1.0, 1.0, 1.0, 0]",4.572071256860571,"[3.11356437 1.46278125 4.06779761 1.50074535 3.12585488 1.62164636
 3.02430947 1.38267916 3.10703799 1.51604436 2.79023835 1.61880967
 3.04285571 1.50878119]",0.0,0,,,>>graph6<<KmzffJznl{hU
65,9,noisy_sampling,gaussian,vanilla,COBYLA,True,7,minvertexcover,5000,1e-08,2,3125.7284939289093,246,1.5672545732564238,"[1, 1, 0, 1, 1, 1, 1, 0, 1]",3.796545786193091,"[1.0, 0, 1.0, 0, 1.0, 0, 0, 1.0, 1.0]",2.4224180621178033,"[4.11824573 1.90562405 3.14170847 1.38837162 2.49380513 1.84013912
 3.23186079 1.46359585 3.39243525 1.48370673 4.59377369 1.62289743
 3.04585428 2.79132772]",0.0009765625,0,[1 0 1 0 1 0 0 1 1],2.4224180621178033,>>graph6<<Hh_iS_u
66,6,noisy_sampling,gaussian,vanilla,COBYLA,False,7,minvertexcover,5000,1e-08,2,2884.96306347847,248,1.7941706808734268,"[1, 1, 1, 1, 1, 1]",4.528353764313619,"[1.0, 1.0, 1.0, 0, 0, 0]",2.5239258519758856,"[4.5447862  1.38663996 3.49004021 2.42111595 3.22823279 1.62884612
 3.52090564 1.66704969 3.02502926 1.64947502 3.22404295 0.91370439
 3.03872648 1.896524  ]",0.005859375,0,,,>>graph6<<Emz_
67,9,noisy_sampling,gaussian,vanilla,COBYLA,False,7,minvertexcover,5000,1e-08,2,3608.212581396103,252,1.2905948562321778,"[0, 1, 1, 1, 1, 1, 1, 1, 1]",3.9643216436391087,"[1.0, 1.0, 0, 0, 1.0, 1.0, 1.0, 1.0, 1.0]",3.0717011031740293,"[3.59680427 1.84915624 2.89183731 1.1332397  3.34158519 1.64442919
 3.22499529 2.80461818 3.19990183 2.97252694 3.26489295 1.61791234
 4.11327377 1.62698579]",0.0,0,,,>>graph6<<HmzffJz
68,9,noisy_sampling,gaussian,vanilla,COBYLA,False,7,minvertexcover,5000,1e-08,2,3006.7819015979767,240,1.9321748104335792,"[1, 1, 1, 1, 1, 1, 1, 1, 1]",4.680535159963345,"[1.0, 0, 1.0, 0, 1.0, 0, 0, 1.0, 1.0]",2.4224180621178033,"[4.73389115 1.58258859 2.88075199 2.40981947 4.73205681 1.66080109
 4.59295264 1.66827093 3.14218854 1.57215051 3.09762122 1.38095131
 2.88040455 1.34469545]",0.0009765625,0,,,>>graph6<<Hh_iS_u
69,6,noisy_sampling,gaussian,vanilla,COBYLA,True,7,minvertexcover,5000,1e-08,2,2847.197247505188,245,1.1167780126356885,"[1, 1, 1, 1, 0, 0]",2.8186648970094663,"[1.0, 1.0, 1.0, 0, 0, 0]",2.5239258519758856,"[2.98809252 1.55918129 4.39315687 1.43292073 3.04897018 1.52237065
 3.18301188 2.51144139 3.49652285 1.40877257 3.45136562 1.51127461
 3.54458045 2.89073264]",0.0087890625,0,[1 1 1 0 0 0],2.5239258519758856,>>graph6<<Emz_
70,12,noisy_sampling,gaussian,vanilla,COBYLA,False,7,minvertexcover,5000,1e-08,2,88952.71124100685,224,2.7992246159152088,"[1, 0, 0, 1, 0, 0, 1, 1, 1, 1, 1, 1]",12.7982544079225,"[1.0, 1.0, 0, 0, 1.0, 1.0, 1.0, 1.0, 1.0, 1.0, 1.0, 0]",4.572071256860571,"[3.29608336 2.71209837 2.96888257 2.74946503 3.24065612 1.55263001
 3.25070066 2.4281242  4.18047691 2.43998258 3.95494796 2.58545557
 3.78579941 2.5814762 ]",0.0,0,,,>>graph6<<KmzffJznl{hU
71,12,noisy_sampling,gaussian,vanilla,COBYLA,True,7,minvertexcover,5000,1e-08,2,85983.06285333633,235,2.9908136527302096,"[0, 0, 0, 0, 1, 1, 1, 1, 1, 1, 1, 0]",13.674213136273965,"[1.0, 1.0, 0, 0, 1.0, 1.0, 1.0, 1.0, 1.0, 1.0, 1.0, 0]",4.572071256860571,"[3.86091477 1.68615265 2.93300093 2.79324449 3.04760152 1.57031635
 3.31882043 2.75873196 2.75252598 1.46525733 3.59855447 1.56284723
 4.11528362 1.4406897 ]",0.0009765625,0,[1 1 0 0 1 1 1 1 1 1 1 0],4.572071256860571,>>graph6<<KmzffJznl{hU
72,9,noisy_sampling,gaussian,vanilla,COBYLA,True,7,minvertexcover,5000,1e-08,2,3275.19296002388,230,5.882864494787357,"[1, 0, 0, 1, 1, 1, 0, 0, 0]",18.070401358461655,"[1.0, 1.0, 0, 0, 1.0, 1.0, 1.0, 1.0, 1.0]",3.0717011031740293,"[4.20033062 1.69089565 3.15754313 1.63709808 3.27816703 1.45593986
 3.16809256 1.76958397 3.10598464 1.40113675 3.28856724 1.4863388
 3.23260357 2.48032172]",0.0,0,[1 1 0 0 1 1 1 1 1],3.071701103174029,>>graph6<<HmzffJz
73,9,noisy_sampling,gaussian,vanilla,COBYLA,True,7,minvertexcover,5000,1e-08,2,3415.756761074066,272,1.9321748104335792,"[1, 1, 1, 1, 1, 1, 1, 1, 1]",4.680535159963345,"[1.0, 0, 1.0, 0, 1.0, 0, 0, 1.0, 1.0]",2.4224180621178033,"[4.29988165 1.24842541 3.49332682 1.48943792 3.14892217 1.64692271
 3.46569871 2.86835202 3.30483412 2.03925245 3.08662083 2.66547862
 2.82161399 3.16360849]",0.0,0,[1 0 1 0 1 0 0 1 1],2.4224180621178033,>>graph6<<Hh_iS_u
74,6,noisy_sampling,gaussian,vanilla,COBYLA,False,7,minvertexcover,5000,1e-08,2,2704.308700799942,233,1.1167780126356885,"[1, 1, 1, 1, 0, 0]",2.8186648970094663,"[1.0, 1.0, 1.0, 0, 0, 0]",2.5239258519758856,"[2.5964245  1.97159617 2.51336393 2.63076616 3.16610869 1.55825456
 3.10590625 2.88158137 2.65623678 1.3084198  2.92159883 1.40089198
 2.91598719 1.26607063]",0.060546875,0,,,>>graph6<<Emz_
75,9,noisy_sampling,gaussian,vanilla,COBYLA,False,7,minvertexcover,5000,1e-08,2,3712.3533198833466,248,2.2640969622636624,"[0, 1, 1, 1, 1, 1, 0, 0, 1]",6.95462913667826,"[1.0, 1.0, 0, 0, 1.0, 1.0, 1.0, 1.0, 1.0]",3.0717011031740293,"[3.0967704  1.58997395 4.12165565 1.56364495 3.03488051 1.74078984
 3.15988673 1.59995782 3.50055337 1.19824523 4.18307895 1.54213177
 3.3136854  1.45783155]",0.0,0,,,>>graph6<<HmzffJz
76,9,noisy_sampling,gaussian,vanilla,COBYLA,False,7,minvertexcover,5000,1e-08,2,3009.8395640850067,227,1.9321748104335792,"[1, 1, 1, 1, 1, 1, 1, 1, 1]",4.680535159963345,"[1.0, 0, 1.0, 0, 1.0, 0, 0, 1.0, 1.0]",2.4224180621178033,"[2.98668569 1.42214662 4.26936931 1.57238767 2.76645411 1.22658081
 3.0842354  1.61534099 2.74390995 1.64134902 4.61631445 1.89130072
 3.18836639 2.8139531 ]",0.001953125,0,,,>>graph6<<Hh_iS_u
77,6,noisy_sampling,gaussian,vanilla,COBYLA,True,7,minvertexcover,5000,1e-08,2,2805.93066072464,250,1.4890661481873502,"[1, 0, 1, 1, 1, 1]",3.758292546712208,"[1.0, 1.0, 1.0, 0, 0, 0]",2.5239258519758856,"[3.24832169 1.16707882 3.57392031 1.69293989 3.5675755  2.00974793
 3.21070361 2.67061086 3.78434749 1.46074561 3.35540125 1.52477312
 3.07031246 1.51241463]",0.00390625,0,[1 1 1 0 0 0],2.5239258519758856,>>graph6<<Emz_
78,9,noisy_sampling,gaussian,vanilla,COBYLA,True,7,minvertexcover,5000,1e-08,2,3283.065519809723,218,2.922525401721276,"[0, 1, 0, 1, 1, 1, 1, 1, 0]",8.977124500521366,"[1.0, 1.0, 0, 0, 1.0, 1.0, 1.0, 1.0, 1.0]",3.0717011031740293,"[3.23074029 1.87271823 3.13181124 1.639329   4.01058708 1.69545749
 3.22613533 2.46386907 2.97401183 1.6445     4.14099654 1.60326359
 3.19312215 1.52934653]",0.0,0,[1 1 0 0 1 1 1 1 1],3.071701103174029,>>graph6<<HmzffJz
79,9,noisy_sampling,gaussian,vanilla,COBYLA,True,7,minvertexcover,5000,1e-08,2,3183.100951910019,249,1.9321748104335792,"[1, 1, 1, 1, 1, 1, 1, 1, 1]",4.680535159963345,"[1.0, 0, 1.0, 0, 1.0, 0, 0, 1.0, 1.0]",2.4224180621178033,"[4.07975692 2.03219117 4.27751165 1.5688273  2.97027432 1.45081871
 3.14990286 2.87820294 3.03119961 2.77970048 3.08293719 1.63553653
 3.02790939 1.71024607]",0.0068359375,0,[1 0 1 0 1 0 0 1 1],2.4224180621178033,>>graph6<<Hh_iS_u
80,12,noisy_sampling,gaussian,vanilla,COBYLA,False,7,minvertexcover,5000,1e-08,2,87103.77369952202,229,1.6590948291657721,"[1, 1, 0, 1, 1, 0, 1, 1, 1, 1, 1, 1]",7.585499780834827,"[1.0, 1.0, 0, 0, 1.0, 1.0, 1.0, 1.0, 1.0, 1.0, 1.0, 0]",4.572071256860571,"[3.69603555 1.17270012 4.68916782 1.57584648 3.33183288 1.67905121
 3.01844498 3.07659554 3.08748181 1.61739699 2.98737693 1.60044975
 3.93820373 1.55806491]",0.0,0,,,>>graph6<<KmzffJznl{hU
81,12,noisy_sampling,gaussian,vanilla,COBYLA,True,7,minvertexcover,5000,1e-08,2,84295.26424717903,226,2.690591911024263,"[1, 0, 0, 1, 1, 1, 1, 1, 0, 1, 0, 1]",12.301577940335589,"[1.0, 1.0, 0, 0, 1.0, 1.0, 1.0, 1.0, 1.0, 1.0, 1.0, 0]",4.572071256860571,"[4.43229912 1.42664159 3.08641099 1.4798733  3.15193277 1.61691763
 3.1632405  2.62450317 3.17760548 2.42686818 3.04568818 2.62206251
 2.99641128 1.54330932]",0.0,0,[1 1 0 0 1 1 1 1 1 1 1 0],4.572071256860571,>>graph6<<KmzffJznl{hU
82,6,noisy_sampling,gaussian,vanilla,COBYLA,False,7,minvertexcover,5000,1e-08,2,2945.4605844020844,253,1.7941706808734268,"[1, 1, 1, 1, 1, 1]",4.528353764313619,"[1.0, 1.0, 1.0, 0, 0, 0]",2.5239258519758856,"[3.13698317 1.54060194 3.23810769 1.59085431 3.13628478 1.57987182
 2.60315273 1.48802062 3.43559405 1.4422734  3.12203284 1.35753382
 3.22888116 1.53207797]",0.005859375,0,,,>>graph6<<Emz_
83,9,noisy_sampling,gaussian,vanilla,COBYLA,False,7,minvertexcover,5000,1e-08,2,3619.8726935386658,254,2.3062570626421754,"[1, 0, 0, 1, 1, 1, 1, 0, 1]",7.084132363520867,"[1.0, 1.0, 0, 0, 1.0, 1.0, 1.0, 1.0, 1.0]",3.0717011031740293,"[3.27476947 1.43720318 3.15105072 0.85739684 3.07479216 1.37265695
 3.08339564 2.46229639 4.47024333 2.62798895 2.90136245 2.85294336
 3.91949461 2.38150189]",0.0,0,,,>>graph6<<HmzffJz
84,9,noisy_sampling,gaussian,vanilla,COBYLA,False,7,minvertexcover,5000,1e-08,2,3309.316057920456,258,1.9321748104335792,"[1, 1, 1, 1, 1, 1, 1, 1, 1]",4.680535159963345,"[1.0, 0, 1.0, 0, 1.0, 0, 0, 1.0, 1.0]",2.4224180621178033,"[3.177296   1.56752242 3.31134503 2.79164393 3.1222728  1.51901986
 2.53435988 1.48794038 3.0776161  1.52104307 3.50153676 1.45998253
 2.95225544 1.70953621]",0.001953125,0,,,>>graph6<<Hh_iS_u
85,6,noisy_sampling,gaussian,vanilla,COBYLA,True,7,minvertexcover,5000,1e-08,2,2820.701690673828,242,1.4210225796633162,"[1, 1, 1, 1, 1, 0]",3.5865556250537063,"[1.0, 1.0, 1.0, 0, 0, 0]",2.5239258519758856,"[4.36962562 1.50769306 3.08763777 1.58191026 3.49244663 1.63639523
 3.54320007 2.46632711 3.16047556 2.29190636 3.6016041  1.70813532
 2.81128702 2.54668866]",0.0380859375,0,[1 1 1 0 0 0],2.5239258519758856,>>graph6<<Emz_
86,9,noisy_sampling,gaussian,vanilla,COBYLA,True,7,minvertexcover,5000,1e-08,2,3191.6766254901886,222,1.4881278722257445,"[1, 1, 1, 1, 1, 1, 1, 1, 1]",4.5710840267798405,"[1.0, 1.0, 0, 0, 1.0, 1.0, 1.0, 1.0, 1.0]",3.0717011031740293,"[3.85250538 1.50029718 3.19452136 1.63710318 3.3312136  1.64842279
 3.05486725 3.17089478 3.14489843 2.41407123 3.89595019 1.64518834
 3.38428828 1.48037428]",0.0,0,[1 1 0 0 1 1 1 1 1],3.071701103174029,>>graph6<<HmzffJz
87,9,noisy_sampling,gaussian,vanilla,COBYLA,True,7,minvertexcover,5000,1e-08,2,3172.669094800949,237,1.0,"[1, 0, 1, 0, 1, 0, 0, 1, 1]",2.4224180621178033,"[1.0, 0, 1.0, 0, 1.0, 0, 0, 1.0, 1.0]",2.4224180621178033,"[3.90601403 1.47318385 2.69583494 1.3687202  2.8605554  1.48310758
 3.09550253 3.14697014 3.2921134  1.61195715 2.98074493 1.73823246
 2.73124607 1.68283707]",0.0107421875,0,[1 0 1 0 1 0 0 1 1],2.4224180621178033,>>graph6<<Hh_iS_u
88,6,noisy_sampling,gaussian,vanilla,COBYLA,False,7,minvertexcover,5000,1e-08,2,2520.3171441555023,225,1.1167780126356885,"[1, 1, 1, 1, 0, 0]",2.8186648970094663,"[1.0, 1.0, 1.0, 0, 0, 0]",2.5239258519758856,"[4.15089614 1.6672386  4.32439704 2.21751902 3.01991272 1.84768948
 3.3469529  1.57600795 3.27248434 2.73800017 3.94915167 2.18739594
 3.25080704 1.56182505]",0.0322265625,0,,,>>graph6<<Emz_
89,9,noisy_sampling,gaussian,vanilla,COBYLA,False,7,minvertexcover,5000,1e-08,2,3303.9353532791138,228,4.157895912859835,"[1, 0, 1, 1, 1, 1, 0, 0, 0]",12.771813462414341,"[1.0, 1.0, 0, 0, 1.0, 1.0, 1.0, 1.0, 1.0]",3.0717011031740293,"[3.14005963 1.44962168 2.85198335 1.95500437 3.17263972 1.54362348
 3.29921124 1.49191602 3.20801761 1.5180041  2.87435772 2.85617974
 3.35677384 2.49642665]",0.0,0,,,>>graph6<<HmzffJz
90,12,noisy_sampling,gaussian,vanilla,COBYLA,False,7,minvertexcover,5000,1e-08,2,92682.67221546173,234,1.6590948291657721,"[1, 1, 0, 1, 1, 0, 1, 1, 1, 1, 1, 1]",7.585499780834827,"[1.0, 1.0, 0, 0, 1.0, 1.0, 1.0, 1.0, 1.0, 1.0, 1.0, 0]",4.572071256860571,"[2.51710964 1.35774486 3.03035137 3.0422539  2.99801114 1.50580786
 3.26733778 2.81719802 3.05386905 1.40050323 3.45610207 1.1530468
 4.68196942 1.52502958]",0.0009765625,0,,,>>graph6<<KmzffJznl{hU
91,12,noisy_sampling,gaussian,vanilla,COBYLA,True,7,minvertexcover,5000,1e-08,2,84631.65344238281,218,3.197273038167144,"[1, 0, 0, 1, 0, 1, 1, 1, 1, 0, 1, 1]",14.618160158139272,"[1.0, 1.0, 0, 0, 1.0, 1.0, 1.0, 1.0, 1.0, 1.0, 1.0, 0]",4.572071256860571,"[4.35553282 1.49882591 3.08128254 1.6012333  3.0923257  1.5778356
 3.10820682 1.65720252 3.17789491 1.63515732 3.9974817  2.3547077
 3.03868502 1.47136235]",0.0,0,[1 1 0 0 1 1 1 1 1 1 1 0],4.572071256860571,>>graph6<<KmzffJznl{hU
92,9,noisy_sampling,gaussian,vanilla,COBYLA,False,7,minvertexcover,5000,1e-08,2,3156.2767581939697,237,2.207899375084989,"[1, 1, 0, 1, 1, 1, 1, 0, 0]",5.348455325544489,"[1.0, 0, 1.0, 0, 1.0, 0, 0, 1.0, 1.0]",2.4224180621178033,"[3.11732602 1.48120156 4.25664295 2.04816837 3.13721934 1.63863452
 3.2003595  1.4130356  3.31673016 1.51124453 2.89982237 1.91775486
 4.54362831 1.52085413]",0.001953125,0,,,>>graph6<<Hh_iS_u
93,6,noisy_sampling,gaussian,vanilla,COBYLA,True,7,minvertexcover,5000,1e-08,2,2445.9973413944244,218,1.1167780126356885,"[1, 1, 1, 1, 0, 0]",2.8186648970094663,"[1.0, 1.0, 1.0, 0, 0, 0]",2.5239258519758856,"[4.19835406 2.69859509 4.0020326  1.71178652 2.84195691 1.60349232
 2.9470547  1.53886889 3.05187901 2.37453456 3.4854314  1.4902701
 3.04641875 1.64395593]",0.044921875,0,[1 1 1 0 0 0],2.5239258519758856,>>graph6<<Emz_
94,9,noisy_sampling,gaussian,vanilla,COBYLA,True,7,minvertexcover,5000,1e-08,2,3418.3622930049896,233,1.8821837721779255,"[1, 0, 1, 1, 1, 1, 1, 1, 0]",5.78150596937519,"[1.0, 1.0, 0, 0, 1.0, 1.0, 1.0, 1.0, 1.0]",3.0717011031740293,"[4.25437965 1.25755519 3.14142332 1.54161231 3.18635985 1.75271757
 2.87187086 2.52359386 3.03728389 1.09322057 2.80802482 1.68451296
 4.08271368 1.6057335 ]",0.0,0,[1 1 0 0 1 1 1 1 1],3.071701103174029,>>graph6<<HmzffJz
95,9,noisy_sampling,gaussian,vanilla,COBYLA,True,7,minvertexcover,5000,1e-08,2,3360.3175191879272,250,1.0,"[1, 0, 1, 0, 1, 0, 0, 1, 1]",2.4224180621178033,"[1.0, 0, 1.0, 0, 1.0, 0, 0, 1.0, 1.0]",2.4224180621178033,"[2.78849695 1.59152683 3.16392875 1.10284198 4.0329467  1.79254818
 3.09722338 2.17308565 3.11545671 2.0234681  3.66462306 3.18978055
 3.07421398 1.64529743]",0.0185546875,0,[1 0 1 0 1 0 0 1 1],2.4224180621178033,>>graph6<<Hh_iS_u
96,6,noisy_sampling,gaussian,vanilla,COBYLA,False,7,minvertexcover,5000,1e-08,2,2398.6108179092407,211,1.9655366148652877,"[0, 0, 1, 1, 1, 1]",4.9608686752636695,"[1.0, 1.0, 1.0, 0, 0, 0]",2.5239258519758856,"[2.93520695 1.31190479 2.83324066 1.50410101 3.30483874 1.6137763
 2.85751994 1.32752071 3.05050162 1.71401868 2.59083544 1.5795835
 3.15059446 1.7528963 ]",0.0078125,0,,,>>graph6<<Emz_
97,9,noisy_sampling,gaussian,vanilla,COBYLA,False,7,minvertexcover,5000,1e-08,2,3561.8766391277313,235,1.324116791291139,"[1, 0, 1, 1, 1, 1, 1, 1, 1]",4.067291008540248,"[1.0, 1.0, 0, 0, 1.0, 1.0, 1.0, 1.0, 1.0]",3.0717011031740293,"[4.66793296 1.5496806  3.11018259 2.62560782 3.44876289 1.89074851
 2.82893064 1.51636877 3.06788422 1.41182606 3.28645974 1.33493497
 2.99352344 1.51328791]",0.0,0,,,>>graph6<<HmzffJz
98,9,noisy_sampling,gaussian,vanilla,COBYLA,False,7,minvertexcover,5000,1e-08,2,3267.513822555542,254,1.9321748104335792,"[1, 1, 1, 1, 1, 1, 1, 1, 1]",4.680535159963345,"[1.0, 0, 1.0, 0, 1.0, 0, 0, 1.0, 1.0]",2.4224180621178033,"[3.97139009 2.69365245 3.09342473 3.10039242 3.39937    1.65566778
 4.64939654 3.00225319 3.04058297 2.67114003 3.64501906 2.55071779
 2.76209976 2.72836344]",0.0009765625,0,,,>>graph6<<Hh_iS_u
99,6,noisy_sampling,gaussian,vanilla,COBYLA,True,7,minvertexcover,5000,1e-08,2,2463.1653888225555,210,1.4890661481873502,"[1, 0, 1, 1, 1, 1]",3.758292546712208,"[1.0, 1.0, 1.0, 0, 0, 0]",2.5239258519758856,"[4.31534243 1.52666847 4.12073774 1.55452659 3.23549402 1.57749707
 3.3457074  1.66352883 3.30294474 1.60216302 4.25545085 1.42001275
 3.59393173 2.69009229]",0.0283203125,0,[1 1 1 0 0 0],2.5239258519758856,>>graph6<<Emz_
100,12,noisy_sampling,gaussian,vanilla,COBYLA,True,7,minvertexcover,5000,1e-08,2,79114.49362301826,213,1.724074429186717,"[1, 1, 1, 1, 1, 0, 1, 1, 1, 0, 1, 1]",7.882591142372885,"[1.0, 1.0, 0, 0, 1.0, 1.0, 1.0, 1.0, 1.0, 1.0, 1.0, 0]",4.572071256860571,"[3.24846501 1.59795986 3.1502854  1.58969736 4.21932462 1.44727524
 3.19594317 2.77214221 3.07611131 2.59036391 3.26121473 1.5125788
 3.17408903 1.48729715]",0.001953125,0,[1 1 0 0 1 1 1 1 1 1 1 0],4.572071256860571,>>graph6<<KmzffJznl{hU
101,9,noisy_sampling,gaussian,vanilla,COBYLA,True,7,minvertexcover,5000,1e-08,2,3459.3273770809174,226,1.2905948562321778,"[0, 1, 1, 1, 1, 1, 1, 1, 1]",3.9643216436391087,"[1.0, 1.0, 0, 0, 1.0, 1.0, 1.0, 1.0, 1.0]",3.0717011031740293,"[4.04436969 1.80725335 3.45196935 1.49282548 3.29250817 1.46217718
 3.02042538 1.55175881 2.95457626 2.71676703 3.24401691 1.46379426
 3.26662191 2.86341309]",0.0,0,[1 1 0 0 1 1 1 1 1],3.071701103174029,>>graph6<<HmzffJz
102,9,noisy_sampling,gaussian,vanilla,COBYLA,True,7,minvertexcover,5000,1e-08,2,2931.7021920681,218,1.0,"[1, 0, 1, 0, 1, 0, 0, 1, 1]",2.4224180621178033,"[1.0, 0, 1.0, 0, 1.0, 0, 0, 1.0, 1.0]",2.4224180621178033,"[4.29671445 1.4078188  3.01908237 1.69109005 2.60603265 1.8146478
 3.0940235  1.74255884 3.1637293  2.67330272 3.52098959 2.7919932
 3.15079947 1.65375196]",0.021484375,0,[1 0 1 0 1 0 0 1 1],2.4224180621178033,>>graph6<<Hh_iS_u
103,6,noisy_sampling,gaussian,vanilla,COBYLA,False,7,minvertexcover,5000,1e-08,2,2751.074466228485,230,1.4782248416467056,"[0, 1, 1, 1, 1, 1]",3.7309298928650803,"[1.0, 1.0, 1.0, 0, 0, 0]",2.5239258519758856,"[4.10736026 2.48543169 2.95600543 2.40436011 2.98895588 1.461809
 3.1082921  1.36923964 3.0324004  1.57448656 3.23241164 1.17009412
 3.12306406 1.48186794]",0.0068359375,0,,,>>graph6<<Emz_
104,9,noisy_sampling,gaussian,vanilla,COBYLA,False,7,minvertexcover,5000,1e-08,2,3503.3699374198914,229,1.2283464700481135,"[1, 1, 1, 0, 1, 1, 1, 1, 1]",3.773113207126715,"[1.0, 1.0, 0, 0, 1.0, 1.0, 1.0, 1.0, 1.0]",3.0717011031740293,"[3.16821025 1.58251993 3.25454165 1.64116465 3.08049837 1.62920521
 4.2486632  1.62552634 3.24792047 1.70649816 2.84993875 1.6229526
 3.25596577 1.47697604]",0.0,0,,,>>graph6<<HmzffJz
105,9,noisy_sampling,gaussian,vanilla,COBYLA,False,7,minvertexcover,5000,1e-08,2,2862.458540201187,210,4.734088348615744,"[1, 0, 0, 1, 0, 0, 0, 0, 1]",11.467941123348222,"[1.0, 0, 1.0, 0, 1.0, 0, 0, 1.0, 1.0]",2.4224180621178033,"[3.99178472 1.49166114 2.79630397 2.54510523 3.15568014 1.57598651
 3.15418434 1.47166454 4.0115144  1.75117743 2.83581998 1.63946587
 3.34738412 1.53202456]",0.0048828125,0,,,>>graph6<<Hh_iS_u
106,6,noisy_sampling,gaussian,vanilla,COBYLA,True,7,minvertexcover,5000,1e-08,2,2839.9037330150604,237,1.0,"[1, 1, 1, 0, 0, 0]",2.5239258519758856,"[1.0, 1.0, 1.0, 0, 0, 0]",2.5239258519758856,"[3.84978267 2.10218316 2.80561113 2.77256464 2.65613331 1.73293825
 3.35596126 1.42075274 2.94224448 1.80461909 3.18089318 1.39117396
 3.6063094  1.54260611]",0.0791015625,0,[1 1 1 0 0 0],2.5239258519758856,>>graph6<<Emz_
107,9,noisy_sampling,gaussian,vanilla,COBYLA,True,7,minvertexcover,5000,1e-08,2,3555.6752972602844,228,6.428159789370278,"[0, 0, 0, 1, 1, 1, 0, 1, 0]",19.74538551638762,"[1.0, 1.0, 0, 0, 1.0, 1.0, 1.0, 1.0, 1.0]",3.0717011031740293,"[4.37157657 1.65444555 3.23503717 1.57074441 3.30100064 1.60743867
 3.21129695 1.79287349 3.1597903  2.71972813 4.24591319 1.65767128
 3.53326585 1.73108911]",0.0,0,[1 1 0 0 1 1 1 1 1],3.071701103174029,>>graph6<<HmzffJz
108,9,noisy_sampling,gaussian,vanilla,COBYLA,True,7,minvertexcover,5000,1e-08,2,3291.694856405258,234,1.4919277520106478,"[1, 1, 1, 1, 0, 1, 1, 0, 1]",3.6140727338454037,"[1.0, 0, 1.0, 0, 1.0, 0, 0, 1.0, 1.0]",2.4224180621178033,"[3.44184206 1.7499311  3.4024359  1.89334713 3.6766187  1.64928344
 3.41722024 1.25738238 2.7732893  1.76315629 2.69969837 2.9676293
 3.25990829 2.79338843]",0.0009765625,0,[1 0 1 0 1 0 0 1 1],2.4224180621178033,>>graph6<<Hh_iS_u
109,6,noisy_sampling,gaussian,vanilla,COBYLA,False,7,minvertexcover,5000,1e-08,2,2941.349119901657,239,1.1101165201001477,"[1, 0, 0, 1, 1, 1]",2.8018517837862706,"[1.0, 1.0, 1.0, 0, 0, 0]",2.5239258519758856,"[3.10778579 1.56169418 4.24069393 2.07241731 3.16704932 1.5175493
 2.87681535 1.56623846 3.33580763 1.58969796 3.60302581 1.17265781
 3.31587046 1.71503516]",0.0107421875,0,,,>>graph6<<Emz_
110,12,noisy_sampling,gaussian,vanilla,COBYLA,False,7,minvertexcover,5000,1e-08,2,82178.15618920326,214,2.7853780167399815,"[1, 0, 1, 1, 1, 1, 1, 1, 1, 0, 0, 0]",12.734946769828174,"[1.0, 1.0, 0, 0, 1.0, 1.0, 1.0, 1.0, 1.0, 1.0, 1.0, 0]",4.572071256860571,"[3.10447756 1.66926256 3.96905122 1.79698387 3.04410158 1.63410829
 3.35748944 1.62554338 2.95160626 1.56426312 3.05629793 1.7224467
 2.90995543 2.54616053]",0.0,0,,,>>graph6<<KmzffJznl{hU
111,12,noisy_sampling,gaussian,vanilla,COBYLA,True,7,minvertexcover,5000,1e-08,2,86761.68941640854,223,5.504046481532121,"[0, 0, 0, 1, 1, 1, 1, 0, 0, 1, 0, 1]",25.164892714637567,"[1.0, 1.0, 0, 0, 1.0, 1.0, 1.0, 1.0, 1.0, 1.0, 1.0, 0]",4.572071256860571,"[4.01992165 1.58747089 2.96812003 1.67585283 2.99370729 1.54279682
 3.27137875 2.44864294 3.07587866 2.75642823 3.35549576 2.677325
 3.15131482 1.64094496]",0.0,0,[1 1 0 0 1 1 1 1 1 1 1 0],4.572071256860571,>>graph6<<KmzffJznl{hU
112,12,noisy_sampling,gaussian,vanilla,COBYLA,True,7,minvertexcover,5000,1e-08,2,81641.14865517616,207,3.5226396975627776,"[1, 0, 1, 0, 1, 0, 1, 1, 1, 0, 1, 0]",16.10575970950279,"[1.0, 1.0, 0, 0, 1.0, 1.0, 1.0, 1.0, 1.0, 1.0, 1.0, 0]",4.572071256860571,"[4.25543852 1.4890401  3.22411148 1.76950616 3.0734691  1.60095308
 3.12662475 1.58808318 3.17258387 1.51392654 3.10971543 1.53979484
 3.98076866 1.46007218]",0.0009765625,0,[1 1 0 0 1 1 1 1 1 1 1 0],4.572071256860571,>>graph6<<KmzffJznl{hU
113,9,noisy_sampling,gaussian,vanilla,COBYLA,False,7,minvertexcover,5000,1e-08,2,3048.3092317581177,193,3.8326439672984804,"[0, 1, 1, 0, 0, 0, 0, 1, 1]",11.77273670242403,"[1.0, 1.0, 0, 0, 1.0, 1.0, 1.0, 1.0, 1.0]",3.0717011031740293,"[4.09100977 1.39827478 2.88324546 1.5474109  3.28116767 1.47410928
 4.20829167 1.29716686 3.10296147 1.58421704 3.11272275 1.60860337
 3.2460452  1.64805263]",0.0,0,,,>>graph6<<HmzffJz
114,9,noisy_sampling,gaussian,vanilla,COBYLA,False,7,minvertexcover,5000,1e-08,2,3085.9947984218597,224,2.207899375084989,"[1, 1, 0, 1, 1, 1, 1, 0, 0]",5.348455325544489,"[1.0, 0, 1.0, 0, 1.0, 0, 0, 1.0, 1.0]",2.4224180621178033,"[3.09582919 1.51539122 2.57213108 2.61405184 3.16904854 1.64270361
 2.7763746  1.54647367 3.13778491 1.67438101 3.14947702 1.5995197
 3.04075445 1.29336494]",0.0009765625,0,,,>>graph6<<Hh_iS_u
115,6,noisy_sampling,gaussian,vanilla,COBYLA,True,7,minvertexcover,5000,1e-08,2,2874.363285303116,234,1.1101165201001477,"[1, 0, 0, 1, 1, 1]",2.8018517837862706,"[1.0, 1.0, 1.0, 0, 0, 0]",2.5239258519758856,"[4.17541597 1.36291081 3.35338115 1.69921001 3.47026458 1.76288421
 3.09446056 2.80543014 3.38735457 1.62355776 3.54440651 2.25064104
 3.51740353 2.53232045]",0.001953125,0,[1 1 1 0 0 0],2.5239258519758856,>>graph6<<Emz_
116,9,noisy_sampling,gaussian,vanilla,COBYLA,True,7,minvertexcover,5000,1e-08,2,3816.6687557697296,243,1.4881278722257445,"[1, 1, 1, 1, 1, 1, 1, 1, 1]",4.5710840267798405,"[1.0, 1.0, 0, 0, 1.0, 1.0, 1.0, 1.0, 1.0]",3.0717011031740293,"[3.84941589 1.02058602 3.17393116 1.36292169 3.23765503 1.57460393
 3.35853024 2.98484665 3.16782425 2.61361452 3.43824176 2.55748007
 4.27167396 1.53531786]",0.0,0,[1 1 0 0 1 1 1 1 1],3.071701103174029,>>graph6<<HmzffJz
117,9,noisy_sampling,gaussian,vanilla,COBYLA,True,7,minvertexcover,5000,1e-08,2,3663.0183181762695,262,1.5672545732564238,"[1, 1, 0, 1, 1, 1, 1, 0, 1]",3.796545786193091,"[1.0, 0, 1.0, 0, 1.0, 0, 0, 1.0, 1.0]",2.4224180621178033,"[4.08674929 1.52803442 3.10516119 1.59544691 3.28117202 1.15643174
 3.4197     2.61935194 3.34544305 3.03971284 3.24707954 2.57964099
 3.42466575 2.47735334]",0.0,0,[1 0 1 0 1 0 0 1 1],2.4224180621178033,>>graph6<<Hh_iS_u
118,6,noisy_sampling,gaussian,vanilla,COBYLA,False,7,minvertexcover,5000,1e-08,2,2744.246691465378,224,1.4210225796633162,"[1, 1, 1, 1, 1, 0]",3.5865556250537063,"[1.0, 1.0, 1.0, 0, 0, 0]",2.5239258519758856,"[3.14842178 1.59600541 4.30634218 2.65655533 3.13534732 1.60214348
 2.6950021  1.56784682 3.26405169 1.32291381 2.93741124 1.58792745
 2.89959352 1.72774515]",0.0068359375,0,,,>>graph6<<Emz_
119,9,noisy_sampling,gaussian,vanilla,COBYLA,False,7,minvertexcover,5000,1e-08,2,3423.095035791397,221,9.069042546678952,"[0, 0, 0, 1, 0, 1, 1, 0, 0]",27.857387995365947,"[1.0, 1.0, 0, 0, 1.0, 1.0, 1.0, 1.0, 1.0]",3.0717011031740293,"[3.79020018 1.58244832 3.36194538 1.54454338 4.00887366 1.62048618
 3.58306368 1.46908335 2.98030621 2.4987252  3.059197   1.7354036
 3.81079274 1.52073047]",0.0,0,,,>>graph6<<HmzffJz
120,12,noisy_sampling,gaussian,vanilla,COBYLA,True,7,minvertexcover,5000,1e-08,2,95603.63067936897,248,1.9998167894278986,"[1, 0, 1, 1, 1, 1, 1, 0, 1, 1, 0, 1]",9.143304861930485,"[1.0, 1.0, 0, 0, 1.0, 1.0, 1.0, 1.0, 1.0, 1.0, 1.0, 0]",4.572071256860571,"[3.38360626 1.58138373 4.39202958 1.58100837 3.26437789 1.6005547
 3.32383718 2.74371499 4.285721   2.50937979 3.20419364 1.50747851
 4.10667446 1.62886571]",0.0,0,[1 1 0 0 1 1 1 1 1 1 1 0],4.572071256860571,>>graph6<<KmzffJznl{hU
121,12,noisy_sampling,gaussian,vanilla,COBYLA,False,7,minvertexcover,5000,1e-08,2,78446.18636727333,206,5.079736957263762,"[0, 1, 1, 0, 0, 1, 0, 0, 0, 1, 1, 1]",23.224919334718024,"[1.0, 1.0, 0, 0, 1.0, 1.0, 1.0, 1.0, 1.0, 1.0, 1.0, 0]",4.572071256860571,"[3.25016996 1.51329974 3.39607721 2.61418072 3.42399125 1.54782619
 3.24572237 1.55992439 3.85542746 1.49937444 3.19612285 1.55211765
 3.29758867 1.45012347]",0.0,0,,,>>graph6<<KmzffJznl{hU
122,9,noisy_sampling,gaussian,vanilla,COBYLA,False,7,minvertexcover,5000,1e-08,2,3150.4633226394653,228,1.9321748104335792,"[1, 1, 1, 1, 1, 1, 1, 1, 1]",4.680535159963345,"[1.0, 0, 1.0, 0, 1.0, 0, 0, 1.0, 1.0]",2.4224180621178033,"[4.76489067 1.57892402 3.63077791 2.62773403 3.06046343 1.52790583
 3.05229933 1.91606668 2.91284423 1.39681808 3.01152844 2.6706913
 2.88314424 1.52980311]",0.0009765625,0,,,>>graph6<<Hh_iS_u
123,6,noisy_sampling,gaussian,vanilla,COBYLA,True,7,minvertexcover,5000,1e-08,2,2912.48526263237,237,1.1101165201001477,"[1, 0, 0, 1, 1, 1]",2.8018517837862706,"[1.0, 1.0, 1.0, 0, 0, 0]",2.5239258519758856,"[4.37257055 2.61826318 4.49566287 1.43421853 2.84676673 1.3169544
 2.99045951 1.52862423 3.16339041 1.73618903 3.62938811 1.31659156
 3.24020472 1.25702036]",0.046875,0,[1 1 1 0 0 0],2.5239258519758856,>>graph6<<Emz_
124,9,noisy_sampling,gaussian,vanilla,COBYLA,True,7,minvertexcover,5000,1e-08,2,3024.175560951233,192,2.2242248345964057,"[0, 1, 1, 0, 0, 1, 1, 1, 1]",6.832153878136852,"[1.0, 1.0, 0, 0, 1.0, 1.0, 1.0, 1.0, 1.0]",3.0717011031740293,"[3.8895776  2.55661698 3.07312258 1.6601819  2.98429665 1.53813362
 2.85464299 2.41529104 3.38267287 1.76682273 3.08363912 1.518997
 3.23476632 1.58200341]",0.0,0,[1 1 0 0 1 1 1 1 1],3.071701103174029,>>graph6<<HmzffJz
125,9,noisy_sampling,gaussian,vanilla,COBYLA,True,7,minvertexcover,5000,1e-08,2,3445.3312151432037,238,1.9321748104335792,"[1, 1, 1, 1, 1, 1, 1, 1, 1]",4.680535159963345,"[1.0, 0, 1.0, 0, 1.0, 0, 0, 1.0, 1.0]",2.4224180621178033,"[4.09081106 1.42145847 2.98251477 1.58499754 3.18058357 1.55363306
 2.8607036  3.01838988 3.4180015  1.50959488 3.0702868  1.56935391
 3.31986638 3.0476442 ]",0.0078125,0,[1 0 1 0 1 0 0 1 1],2.4224180621178033,>>graph6<<Hh_iS_u
126,6,noisy_sampling,gaussian,vanilla,COBYLA,False,7,minvertexcover,5000,1e-08,2,3311.6214797496796,268,1.7941706808734268,"[1, 1, 1, 1, 1, 1]",4.528353764313619,"[1.0, 1.0, 1.0, 0, 0, 0]",2.5239258519758856,"[4.55971557 1.60076716 2.80021118 1.7122716  4.53696667 2.56346177
 4.42159844 0.98366961 3.53877565 1.87137346 2.9928595  1.65979898
 3.16594152 1.23055186]",0.0283203125,0,,,>>graph6<<Emz_
127,9,noisy_sampling,gaussian,vanilla,COBYLA,False,7,minvertexcover,5000,1e-08,2,3204.920115709305,205,1.9395983123937854,"[1, 1, 1, 1, 1, 0, 1, 0, 1]",5.957866275894476,"[1.0, 1.0, 0, 0, 1.0, 1.0, 1.0, 1.0, 1.0]",3.0717011031740293,"[3.18780907 1.57659021 3.00984483 1.67895106 3.43408337 1.59240621
 3.0384757  1.59905401 3.58206973 1.57523317 3.31347655 1.63922364
 3.09098735 1.53591862]",0.0,0,,,>>graph6<<HmzffJz
128,9,noisy_sampling,gaussian,vanilla,COBYLA,False,7,minvertexcover,5000,1e-08,2,2964.7633984088898,227,1.9321748104335792,"[1, 1, 1, 1, 1, 1, 1, 1, 1]",4.680535159963345,"[1.0, 0, 1.0, 0, 1.0, 0, 0, 1.0, 1.0]",2.4224180621178033,"[3.78519961 1.34886316 3.17732409 1.45702268 4.66132162 1.76340335
 3.21312733 3.03658661 3.0180803  1.96593277 3.23428742 1.85891628
 4.13286008 2.8205387 ]",0.001953125,0,,,>>graph6<<Hh_iS_u
129,6,noisy_sampling,gaussian,vanilla,COBYLA,True,7,minvertexcover,5000,1e-08,2,2556.472992181778,225,1.2984430401505362,"[1, 1, 0, 0, 1, 1]",3.277173956354101,"[1.0, 1.0, 1.0, 0, 0, 0]",2.5239258519758856,"[3.43372367 1.63100313 3.03798668 1.61197063 3.27410212 1.55603483
 3.21421308 2.32799957 3.19104731 2.49538789 3.05619312 1.52969863
 3.2735882  1.78521266]",0.01171875,0,[1 1 1 0 0 0],2.5239258519758856,>>graph6<<Emz_
130,12,noisy_sampling,gaussian,vanilla,COBYLA,False,7,minvertexcover,5000,1e-08,2,101210.29094910622,260,1.26002200535094,"[1, 1, 1, 1, 1, 0, 1, 1, 0, 1, 1, 1]",5.76091039367685,"[1.0, 1.0, 0, 0, 1.0, 1.0, 1.0, 1.0, 1.0, 1.0, 1.0, 0]",4.572071256860571,"[3.61225554 2.08756906 4.61986664 1.67372792 4.62206235 1.66420585
 3.07486285 2.92368124 3.17051124 1.57267657 3.15434393 2.13194296
 2.67050098 1.52350998]",0.0,0,,,>>graph6<<KmzffJznl{hU
131,12,noisy_sampling,gaussian,vanilla,COBYLA,False,7,minvertexcover,5000,1e-08,2,92740.37222790718,232,7.232806545272106,"[1, 0, 1, 1, 1, 0, 0, 0, 0, 0, 0, 1]",33.068906912071604,"[1.0, 1.0, 0, 0, 1.0, 1.0, 1.0, 1.0, 1.0, 1.0, 1.0, 0]",4.572071256860571,"[3.86880534 2.1776095  4.31514547 1.57006309 3.27995478 1.61618367
 3.32373029 1.52444833 3.87334168 2.54522818 2.76031262 1.6458783
 2.78636471 1.50949245]",0.0009765625,0,,,>>graph6<<KmzffJznl{hU
132,12,noisy_sampling,gaussian,vanilla,COBYLA,False,7,minvertexcover,5000,1e-08,2,88575.85949397087,227,1.3984562672361267,"[1, 1, 1, 1, 0, 1, 1, 1, 1, 1, 1, 1]",6.393841703406821,"[1.0, 1.0, 0, 0, 1.0, 1.0, 1.0, 1.0, 1.0, 1.0, 1.0, 0]",4.572071256860571,"[3.90651784 1.55583038 4.02911495 1.67916305 3.44872671 1.61128505
 2.97631675 1.42451743 4.1812965  1.46518628 3.12610815 1.58278431
 3.2384911  1.45284093]",0.0,0,,,>>graph6<<KmzffJznl{hU
133,9,noisy_sampling,gaussian,vanilla,COBYLA,True,7,minvertexcover,5000,1e-08,2,2893.293283700943,194,1.883498515365077,"[1, 0, 1, 1, 1, 1, 1, 0, 1]",5.785544467473553,"[1.0, 1.0, 0, 0, 1.0, 1.0, 1.0, 1.0, 1.0]",3.0717011031740293,"[4.31709537 1.68865304 3.09045696 1.56279839 3.20902654 1.51337475
 3.23193196 1.70033351 3.2869154  1.52058892 3.25625768 1.53904654
 3.22992102 1.64015972]",0.0,0,[1 1 0 0 1 1 1 1 1],3.071701103174029,>>graph6<<HmzffJz
134,9,noisy_sampling,gaussian,vanilla,COBYLA,True,7,minvertexcover,5000,1e-08,2,3557.749181985855,254,1.0,"[1, 0, 1, 0, 1, 0, 0, 1, 1]",2.4224180621178033,"[1.0, 0, 1.0, 0, 1.0, 0, 0, 1.0, 1.0]",2.4224180621178033,"[3.806727   1.46258623 2.83094462 1.56739158 2.7307279  1.45219101
 3.02862393 3.08215683 3.27326559 1.7285586  3.13641853 2.47609014
 2.91476702 1.64885384]",0.0712890625,0,[1 0 1 0 1 0 0 1 1],2.4224180621178033,>>graph6<<Hh_iS_u
135,6,noisy_sampling,gaussian,vanilla,COBYLA,False,7,minvertexcover,5000,1e-08,2,2745.829486846924,222,1.786614779027567,"[1, 1, 0, 0, 0, 1]",4.509283228309861,"[1.0, 1.0, 1.0, 0, 0, 0]",2.5239258519758856,"[4.03394182 1.49917571 3.86666292 1.20570523 3.0590365  1.54873865
 3.30851106 1.55444632 3.00443134 2.66959773 3.15237969 1.5441484
 2.88513025 1.44160704]",0.0107421875,0,,,>>graph6<<Emz_
136,9,noisy_sampling,gaussian,vanilla,COBYLA,False,7,minvertexcover,5000,1e-08,2,3584.2989614009857,225,5.833154569073774,"[0, 1, 0, 1, 1, 0, 0, 1, 0]",17.917707324808543,"[1.0, 1.0, 0, 0, 1.0, 1.0, 1.0, 1.0, 1.0]",3.0717011031740293,"[3.03130068 1.51755847 3.23357633 1.22748257 2.95855276 1.78230327
 3.39290229 1.25662066 3.04960592 1.59806099 3.45471361 1.45908021
 4.75364147 1.45713118]",0.0,0,,,>>graph6<<HmzffJz
137,9,noisy_sampling,gaussian,vanilla,COBYLA,False,7,minvertexcover,5000,1e-08,2,3124.628220319748,228,2.207899375084989,"[1, 1, 0, 1, 1, 1, 1, 0, 0]",5.348455325544489,"[1.0, 0, 1.0, 0, 1.0, 0, 0, 1.0, 1.0]",2.4224180621178033,"[3.20005384 1.57027461 4.13643075 1.6450523  3.30130363 1.73575732
 2.93683868 1.46603108 3.30527654 1.40301742 2.54358703 2.5615654
 2.76483845 1.3972555 ]",0.0009765625,0,,,>>graph6<<Hh_iS_u
138,6,noisy_sampling,gaussian,vanilla,COBYLA,True,7,minvertexcover,5000,1e-08,2,2872.0655245780945,232,1.6773926682377382,"[1, 1, 1, 0, 1, 1]",4.2336147192800375,"[1.0, 1.0, 1.0, 0, 0, 0]",2.5239258519758856,"[3.85329256 1.63025185 3.13616786 1.68738595 2.92941991 1.42168216
 3.34138809 1.52943958 3.57726652 1.58999714 3.05995612 1.6292112
 3.29745369 2.46406546]",0.0380859375,0,[1 1 1 0 0 0],2.5239258519758856,>>graph6<<Emz_
139,9,noisy_sampling,gaussian,vanilla,COBYLA,True,7,minvertexcover,5000,1e-08,2,3829.4262549877167,243,3.347370951927818,"[1, 0, 0, 0, 1, 1, 1, 1, 0]",10.28212304576938,"[1.0, 1.0, 0, 0, 1.0, 1.0, 1.0, 1.0, 1.0]",3.0717011031740293,"[4.62148732 2.60678536 4.25129077 1.6031673  3.29153592 1.77663271
 2.93092818 2.35909167 3.00556891 1.67631849 3.28074939 1.40147477
 4.1362126  1.84122818]",0.0,0,[1 1 0 0 1 1 1 1 1],3.071701103174029,>>graph6<<HmzffJz
140,12,noisy_sampling,gaussian,vanilla,COBYLA,True,7,minvertexcover,5000,1e-08,2,79559.7303276062,211,2.0441092224440585,"[1, 1, 1, 1, 0, 1, 0, 1, 1, 1, 1, 0]",9.345813021820092,"[1.0, 1.0, 0, 0, 1.0, 1.0, 1.0, 1.0, 1.0, 1.0, 1.0, 0]",4.572071256860571,"[3.7176631  1.55004876 2.96727645 1.79805436 3.31778821 1.63766816
 3.05634654 1.71648272 3.16724841 2.74867539 3.5493143  1.64081161
 4.09231906 1.69583587]",0.0009765625,0,[1 1 0 0 1 1 1 1 1 1 1 0],4.572071256860571,>>graph6<<KmzffJznl{hU
141,12,noisy_sampling,gaussian,vanilla,COBYLA,False,7,minvertexcover,5000,1e-08,2,83055.54335069656,206,4.3464218856255,"[0, 1, 1, 0, 0, 1, 0, 1, 0, 1, 1, 1]",19.872150573458075,"[1.0, 1.0, 0, 0, 1.0, 1.0, 1.0, 1.0, 1.0, 1.0, 1.0, 0]",4.572071256860571,"[3.18631932 1.32222853 3.39460249 2.43101973 3.49225669 1.61440844
 2.99696632 1.50284454 3.05718519 1.59260417 4.13315882 1.36610054
 3.04022576 1.58628468]",0.001953125,0,,,>>graph6<<KmzffJznl{hU
142,9,noisy_sampling,gaussian,vanilla,COBYLA,True,7,minvertexcover,5000,1e-08,2,3418.2316596508026,242,1.9321748104335792,"[1, 1, 1, 1, 1, 1, 1, 1, 1]",4.680535159963345,"[1.0, 0, 1.0, 0, 1.0, 0, 0, 1.0, 1.0]",2.4224180621178033,"[4.01558843 1.40492854 3.34886161 1.54599008 3.37054289 1.55868299
 3.17242359 2.77373489 2.80586562 1.18840029 3.16416235 0.89715831
 3.17138835 1.3155202 ]",0.0,0,[1 0 1 0 1 0 0 1 1],2.4224180621178033,>>graph6<<Hh_iS_u
143,6,noisy_sampling,gaussian,vanilla,COBYLA,False,7,minvertexcover,5000,1e-08,2,2502.5181801319122,216,1.9655366148652877,"[0, 0, 1, 1, 1, 1]",4.9608686752636695,"[1.0, 1.0, 1.0, 0, 0, 0]",2.5239258519758856,"[3.97614692 1.38444256 2.87608958 2.4411632  4.22726906 1.60941312
 3.32847837 1.51938662 3.23649987 1.59449503 3.14674031 1.51413144
 3.11157762 1.40248093]",0.0107421875,0,,,>>graph6<<Emz_
144,9,noisy_sampling,gaussian,vanilla,COBYLA,False,7,minvertexcover,5000,1e-08,2,3544.1607069969177,224,3.0591485785181147,"[0, 1, 1, 1, 1, 1, 1, 0, 0]",9.396790063407357,"[1.0, 1.0, 0, 0, 1.0, 1.0, 1.0, 1.0, 1.0]",3.0717011031740293,"[3.09842366 1.44468603 3.22804598 1.74189453 3.10653581 1.54129602
 3.06088229 1.52348815 3.90520306 1.33857684 3.22465289 1.91302142
 3.61782431 1.6218765 ]",0.0,0,,,>>graph6<<HmzffJz
145,9,noisy_sampling,gaussian,vanilla,COBYLA,False,7,minvertexcover,5000,1e-08,2,3516.4153277873993,250,1.5688591063944497,"[1, 1, 1, 1, 1, 1, 1, 0, 0]",3.8004326362479115,"[1.0, 0, 1.0, 0, 1.0, 0, 0, 1.0, 1.0]",2.4224180621178033,"[3.10666119 1.53941602 3.68339111 1.59978031 3.47229369 1.61102318
 3.05050244 1.41372604 3.10706221 1.73585086 4.16569995 2.19020112
 3.11053026 2.49088038]",0.0,0,,,>>graph6<<Hh_iS_u
146,6,noisy_sampling,gaussian,vanilla,COBYLA,True,7,minvertexcover,5000,1e-08,2,3312.828248500824,268,1.6773926682377382,"[1, 1, 1, 0, 1, 1]",4.2336147192800375,"[1.0, 1.0, 1.0, 0, 0, 0]",2.5239258519758856,"[4.58755329 2.23704245 4.19445015 1.6286379  2.95591839 1.48984132
 3.03025353 2.90142408 3.20161756 2.65364493 3.41225101 2.13060996
 3.23725395 1.95831569]",0.0390625,0,[1 1 1 0 0 0],2.5239258519758856,>>graph6<<Emz_
147,9,noisy_sampling,gaussian,vanilla,COBYLA,True,7,minvertexcover,5000,1e-08,2,3814.3821165561676,243,2.9076521542538045,"[0, 1, 0, 1, 1, 0, 1, 1, 1]",8.931438329867754,"[1.0, 1.0, 0, 0, 1.0, 1.0, 1.0, 1.0, 1.0]",3.0717011031740293,"[4.19576373 1.56084758 2.64111485 1.63464554 3.22667834 1.31468641
 3.2471537  1.47883993 3.2243126  1.43326347 3.06837596 2.80314943
 3.35537746 1.2996711 ]",0.0,0,[1 1 0 0 1 1 1 1 1],3.071701103174029,>>graph6<<HmzffJz
148,9,noisy_sampling,gaussian,vanilla,COBYLA,True,7,minvertexcover,5000,1e-08,2,3422.7780697345734,239,1.4836858849486358,"[1, 1, 0, 1, 0, 1, 1, 1, 1]",3.5941074862088125,"[1.0, 0, 1.0, 0, 1.0, 0, 0, 1.0, 1.0]",2.4224180621178033,"[3.77154213 1.57194708 3.62800724 1.79733809 3.5489059  1.63892048
 3.03881206 2.94608125 4.01444842 1.36096805 2.97293858 1.20514117
 3.187441   1.81258986]",0.0009765625,0,[1 0 1 0 1 0 0 1 1],2.4224180621178033,>>graph6<<Hh_iS_u
149,6,noisy_sampling,gaussian,vanilla,COBYLA,False,7,minvertexcover,5000,1e-08,2,2935.997339248657,235,1.4890661481873502,"[1, 0, 1, 1, 1, 1]",3.758292546712208,"[1.0, 1.0, 1.0, 0, 0, 0]",2.5239258519758856,"[3.01048438 1.49858589 2.66632804 1.59760163 3.21615229 1.58169694
 3.4401912  1.45541068 2.94720689 1.82634399 3.22740629 1.53560968
 3.23060427 1.65286718]",0.009765625,0,,,>>graph6<<Emz_
150,12,noisy_sampling,gaussian,vanilla,COBYLA,True,7,minvertexcover,5000,1e-08,2,531774.2919635773,249,2.375756180986184,"[1, 1, 1, 0, 1, 1, 0, 1, 1, 0, 1, 1]",10.862126548395771,"[1.0, 1.0, 0, 0, 1.0, 1.0, 1.0, 1.0, 1.0, 1.0, 1.0, 0]",4.572071256860571,"[4.25291372 1.32564493 3.05535695 1.59851628 3.30557752 1.59786732
 3.25661039 1.60596124 3.15290611 1.38173268 3.00755818 1.87674678
 3.49950558 1.62309332]",0.0,0,[1 1 0 0 1 1 1 1 1 1 1 0],4.572071256860571,>>graph6<<KmzffJznl{hU
151,12,noisy_sampling,gaussian,vanilla,COBYLA,True,7,minvertexcover,5000,1e-08,2,465806.18659329414,233,3.561321791685348,"[1, 0, 1, 1, 0, 1, 1, 0, 1, 0, 1, 0]",16.28261700019577,"[1.0, 1.0, 0, 0, 1.0, 1.0, 1.0, 1.0, 1.0, 1.0, 1.0, 0]",4.572071256860571,"[4.19028443 1.52345432 3.34273479 1.69159705 3.44431947 1.5988105
 3.30925805 1.57398879 3.19813042 1.7035158  2.95209809 2.65392059
 4.45391649 1.45317319]",0.0,0,[1 1 0 0 1 1 1 1 1 1 1 0],4.572071256860571,>>graph6<<KmzffJznl{hU
152,12,noisy_sampling,gaussian,vanilla,COBYLA,False,7,minvertexcover,5000,1e-08,2,501097.3159928322,244,3.202487844034554,"[1, 0, 0, 1, 1, 0, 1, 1, 1, 0, 1, 1]",14.642002622155763,"[1.0, 1.0, 0, 0, 1.0, 1.0, 1.0, 1.0, 1.0, 1.0, 1.0, 0]",4.572071256860571,"[4.22984238 1.56433772 4.59025684 2.8363143  3.17176431 1.59465963
 3.06602639 2.77623145 3.83316217 1.72713453 4.19353309 1.59209123
 4.31350909 1.86183782]",0.0,0,,,>>graph6<<KmzffJznl{hU
153,12,noisy_sampling,gaussian,vanilla,COBYLA,False,7,minvertexcover,5000,1e-08,2,91398.22597265244,229,1.2099755475534786,"[1, 0, 0, 1, 1, 1, 1, 1, 1, 1, 1, 1]",5.53209442247339,"[1.0, 1.0, 0, 0, 1.0, 1.0, 1.0, 1.0, 1.0, 1.0, 1.0, 0]",4.572071256860571,"[3.35707332 2.47928264 2.91868028 1.78127195 3.24101532 1.40516669
 3.10049109 2.92574733 3.18562526 1.36407406 3.16102259 2.5125051
 3.35274699 2.57518981]",0.0,0,,,>>graph6<<KmzffJznl{hU
154,9,noisy_sampling,gaussian,vanilla,COBYLA,False,7,minvertexcover,5000,1e-08,2,3830.1567878723145,241,1.4881278722257445,"[1, 1, 1, 1, 1, 1, 1, 1, 1]",4.5710840267798405,"[1.0, 1.0, 0, 0, 1.0, 1.0, 1.0, 1.0, 1.0]",3.0717011031740293,"[3.77687726 1.34449436 3.33156809 1.96188183 3.09665296 1.5405993
 3.16408868 2.74390479 3.60417097 2.68973748 3.30511468 1.67289066
 2.8419792  1.466111  ]",0.0,0,,,>>graph6<<HmzffJz
155,6,noisy_sampling,gaussian,vanilla,COBYLA,True,7,minvertexcover,5000,1e-08,2,2673.6987459659576,223,1.1101165201001477,"[1, 0, 0, 1, 1, 1]",2.8018517837862706,"[1.0, 1.0, 1.0, 0, 0, 0]",2.5239258519758856,"[4.09642086 2.60908902 3.23221271 1.90836914 2.86147581 1.63568322
 3.30713191 1.46322111 3.01154322 1.3823855  3.10094046 2.74893918
 2.80684572 1.49585456]",0.0029296875,0,[1 1 1 0 0 0],2.5239258519758856,>>graph6<<Emz_
156,9,noisy_sampling,gaussian,vanilla,COBYLA,True,7,minvertexcover,5000,1e-08,2,3889.924635887146,257,2.1046770186568584,"[0, 1, 0, 0, 1, 1, 1, 1, 1]",6.464938720033299,"[1.0, 1.0, 0, 0, 1.0, 1.0, 1.0, 1.0, 1.0]",3.0717011031740293,"[3.05172354 3.00634225 3.23273457 1.83227573 2.88412277 1.46843405
 3.1007075  3.01868123 3.48242724 2.01783746 3.67786561 1.58429391
 2.99410359 1.5882503 ]",0.0,0,[1 1 0 0 1 1 1 1 1],3.071701103174029,>>graph6<<HmzffJz
157,9,noisy_sampling,gaussian,vanilla,COBYLA,True,7,minvertexcover,5000,1e-08,2,2910.6946523189545,216,1.7538356253760075,"[1, 1, 1, 1, 1, 1, 1, 0, 1]",4.2485230968965135,"[1.0, 0, 1.0, 0, 1.0, 0, 0, 1.0, 1.0]",2.4224180621178033,"[3.87032504 1.6224974  3.77332765 1.55933303 3.10979499 1.44899688
 2.94055087 2.76312469 3.21142006 2.66559718 2.856612   2.66246796
 2.73471657 2.57333668]",0.0,0,[1 0 1 0 1 0 0 1 1],2.4224180621178033,>>graph6<<Hh_iS_u
158,6,noisy_sampling,gaussian,vanilla,COBYLA,False,7,minvertexcover,5000,1e-08,2,2897.09823679924,251,1.4890661481873502,"[1, 0, 1, 1, 1, 1]",3.758292546712208,"[1.0, 1.0, 1.0, 0, 0, 0]",2.5239258519758856,"[4.06683467 1.59163284 4.1359174  1.58256974 3.35859083 1.21059818
 3.37099549 2.96806297 4.29952728 1.52502383 3.33712456 2.7827564
 2.97476836 1.41458192]",0.00390625,0,,,>>graph6<<Emz_
159,9,noisy_sampling,gaussian,vanilla,COBYLA,False,7,minvertexcover,5000,1e-08,2,3086.0027265548706,206,6.481270655032713,"[1, 1, 0, 1, 0, 0, 0, 0, 0]",19.908526221033448,"[1.0, 1.0, 0, 0, 1.0, 1.0, 1.0, 1.0, 1.0]",3.0717011031740293,"[4.22283581 1.58863479 2.92339991 2.64011989 3.3333636  1.67796873
 3.18026027 1.7008557  4.04564701 2.61076487 2.70517042 1.56606953
 2.84734024 1.84855969]",0.0,0,,,>>graph6<<HmzffJz
