backend_mode,qaoa_variant,param_initialization,depth,warm_start,graph_size,graph_name,time_elapsed,quantum_func_evals,ratio,quantum_solution,quantum_obj_value,classic_solution,classic_value,final_params,percent_measure_optimal
noisy_sampling,vanilla,gaussian,10,False,5,>>graph6<<DkO,961.0852777957916,316,1.0,"[1, 0, 0, 1, 0]",2.5,"[1.0, 0, 0, 1.0, 0]",2.5,"[3.09491374 2.28838126 3.43588269 1.71120599 3.36358519 1.61624008
 2.7951288  2.4832666  3.1354931  2.57897835 3.71636    1.34045511
 4.43803778 1.6786777  3.22666876 1.51726419 3.20940816 1.60314077
 2.63828841 1.49207354]",0.4376
noisy_sampling,vanilla,gaussian,10,False,5,>>graph6<<DkO,948.2507610321045,309,1.0,"[1, 0, 0, 1, 0]",2.5,"[1.0, 0, 0, 1.0, 0]",2.5,"[4.3532282  1.48721171 3.07760267 1.59554934 3.16435353 1.46577227
 3.0687399  1.61434979 3.40134768 1.38111304 2.96539734 2.69967407
 3.20444024 1.65394949 3.06242654 1.54882405 3.01264974 1.49250023
 3.3726066  2.6876096 ]",0.32699999999999996
noisy_sampling,vanilla,gaussian,10,False,5,>>graph6<<Dm{,969.8187370300293,292,0.7333333333333333,"[0, 1, 1, 0, 0]",2.75,"[1.0, 0, 0, 0, 1.0]",3.75,"[3.13414575 2.39602905 2.80270088 1.42368789 3.2132922  2.63020843
 3.19281938 1.55335106 3.14150296 1.69339474 2.92994156 1.66750876
 3.05827956 1.54975118 3.09001441 1.51722875 3.06799969 1.44593784
 3.35185733 1.29421757]",0.062
noisy_sampling,vanilla,gaussian,10,False,5,>>graph6<<Dm{,923.971866607666,287,1.0,"[1, 0, 0, 0, 1]",3.75,"[1.0, 0, 0, 0, 1.0]",3.75,"[4.16219054 1.59168708 3.26655054 2.49065337 3.39970917 1.60772233
 3.01136841 1.69464609 4.25093098 1.51333515 3.0975984  1.66221935
 3.04388313 1.72047962 3.24198735 1.59529662 3.18197778 1.70280467
 3.22715618 1.40182017]",0.0746
noisy_sampling,vanilla,gaussian,10,False,7,>>graph6<<FkPsg,1084.8381309509277,270,0.6666666666666666,"[1, 1, 1, 0, 0, 0, 1]",3.5,"[0, 1.0, 1.0, 1.0, 1.0, 0, 0]",5.25,"[4.02211931 1.60010463 3.17182799 1.48657872 3.29225512 1.52924713
 3.23074349 1.63602755 3.58787378 1.55050099 3.20086105 1.56192201
 3.26146435 1.48394304 3.08149054 1.55650331 3.25361223 1.48258885
 3.40095431 1.54935972]",0.0132
noisy_sampling,vanilla,gaussian,10,False,7,>>graph6<<FkPsg,1196.3054468631744,290,0.6190476190476191,"[1, 1, 1, 1, 0, 0, 1]",3.25,"[0, 1.0, 1.0, 1.0, 1.0, 0, 0]",5.25,"[3.19617214 1.731507   3.07137746 1.61808974 2.92601131 1.81692806
 3.0302162  1.87864524 3.29015745 1.7426386  3.04942763 1.78950445
 3.0785221  1.43012363 2.87166292 1.11669475 3.42140526 2.52560447
 2.76234154 1.23896708]",0.016
noisy_sampling,vanilla,gaussian,10,False,7,>>graph6<<Fm~]w,1310.3810942173004,274,0.6071428571428571,"[0, 1, 0, 0, 0, 0, 1]",4.25,"[1.0, 0, 1.0, 1.0, 0, 0, 1.0]",7.0,"[4.19599082 1.57676387 3.13994819 1.52516211 2.98290216 1.50751151
 3.04093386 1.34738144 3.03083368 1.50644414 3.07600344 1.75950699
 2.68672673 1.50232216 3.12884457 1.58123363 3.14894682 1.6074053
 3.06506822 2.47315615]",0.0168
noisy_sampling,vanilla,gaussian,10,False,7,>>graph6<<Fm~]w,1380.9775943756104,282,0.5,"[0, 1, 0, 0, 0, 0, 0]",3.5,"[1.0, 0, 1.0, 1.0, 0, 0, 1.0]",7.0,"[2.88208879 1.74148404 4.48326048 2.88868536 3.13036147 1.68944224
 3.42797138 2.53643256 2.91805786 1.42124269 3.06483093 1.48556808
 3.27315816 1.42026508 3.29908513 1.62662128 3.32376676 1.80915211
 3.25004787 1.70524909]",0.0142
noisy_sampling,vanilla,gaussian,10,False,9,>>graph6<<HkPsgZ@,1240.8837146759033,296,0.7,"[1, 1, 0, 0, 1, 0, 0, 1, 0]",5.25,"[1.0, 1.0, 0, 0, 0, 0, 1.0, 1.0, 0]",7.5,"[3.21996889 2.6138248  3.2651577  1.82929061 3.25233644 2.54751104
 3.22260491 1.44785663 3.47326573 1.72795254 3.16060873 2.54899128
 3.0527262  1.51735659 3.3921807  1.47817902 2.64462664 1.59898842
 3.90530037 1.57368711]",0.0072
noisy_sampling,vanilla,gaussian,10,False,9,>>graph6<<HkPsgZ@,1136.1205821037292,277,0.5,"[0, 0, 0, 1, 1, 1, 1, 0, 0]",3.75,"[1.0, 1.0, 0, 0, 0, 0, 1.0, 1.0, 0]",7.5,"[3.45707308 1.58610896 4.17042894 1.59724462 3.02298915 1.64675538
 3.21178951 1.47260087 2.99197719 1.48090087 3.04417886 1.72312966
 3.50552792 1.49468109 3.3332775  1.7098764  3.38578512 1.73664068
 3.00691273 1.59934432]",0.0074
noisy_sampling,vanilla,gaussian,10,True,5,>>graph6<<DkO,973.8506095409393,298,1.0,"[0, 1, 1, 0, 1]",2.5,"[1.0, 0, 0, 1.0, 0]",2.5,"[3.99154321 1.52530468 3.2739397  1.62581533 3.40752162 1.67567904
 3.46675419 1.55356593 2.86489512 1.65374962 3.39079408 1.48442825
 3.05507605 1.6150712  3.18540055 1.64432421 3.02889292 1.586291
 3.29457001 1.57618821]",0.2016
noisy_sampling,vanilla,gaussian,10,True,5,>>graph6<<DkO,992.3917512893677,312,0.9,"[1, 0, 0, 0, 0]",2.25,"[1.0, 0, 0, 1.0, 0]",2.5,"[3.53035059 1.37211624 3.03678837 1.78263072 4.34435369 2.32438309
 3.56004722 1.269782   2.6574562  1.56819748 3.92760074 1.624764
 3.42448626 1.31869195 3.46687318 1.40236747 3.42224115 1.37409079
 4.35763409 1.34231965]",0.1594
noisy_sampling,vanilla,gaussian,10,True,5,>>graph6<<Dm{,922.1548759937286,287,0.7333333333333333,"[0, 1, 1, 0, 0]",2.75,"[1.0, 0, 0, 0, 1.0]",3.75,"[2.85521418 1.70096844 2.9875206  1.58340301 2.94043136 1.41067689
 3.39526085 1.47503541 3.33231493 1.58716996 3.97345113 2.13296006
 2.76159252 1.50471441 3.29976201 1.37443047 3.85964986 2.75067895
 3.08861393 1.56281047]",0.0828
noisy_sampling,vanilla,gaussian,10,True,5,>>graph6<<Dm{,861.0831570625305,271,0.8666666666666667,"[1, 1, 0, 1, 0]",3.25,"[1.0, 0, 0, 0, 1.0]",3.75,"[4.1451201  1.55391048 4.00223918 1.81659369 3.96046366 2.81677151
 2.8836609  1.40029953 2.26722451 1.4171727  2.76239388 1.26893678
 2.95262747 1.34928082 2.79543338 1.52620482 3.17356862 1.55996184
 3.03456057 1.47750711]",0.0658
noisy_sampling,vanilla,gaussian,10,True,7,>>graph6<<FkPsg,1099.6751825809479,266,0.7142857142857143,"[0, 1, 1, 1, 1, 0, 1]",3.75,"[0, 1.0, 1.0, 1.0, 1.0, 0, 0]",5.25,"[3.17559689 1.57820474 3.17802746 1.46984954 2.97468306 1.640805
 3.01105773 1.54679249 4.24885213 1.62185803 2.97731439 1.53005573
 3.04615912 2.58092622 3.40161127 1.57528692 3.54450751 1.57864755
 3.24509843 1.68463001]",0.019
noisy_sampling,vanilla,gaussian,10,True,7,>>graph6<<FkPsg,1230.978686094284,303,0.5238095238095238,"[0, 1, 0, 1, 1, 1, 1]",2.75,"[0, 1.0, 1.0, 1.0, 1.0, 0, 0]",5.25,"[4.09088003 2.686061   3.00768577 1.52841001 2.99790036 1.72181096
 3.16833436 1.58081284 2.88958011 1.59985157 3.08422037 1.48635363
 4.14570891 1.51753551 2.83233281 1.40289063 4.09133408 1.50886992
 2.99609435 1.49781822]",0.019200000000000002
noisy_sampling,vanilla,static,10,False,7,>>graph6<<FkPsg,1314.658884048462,320,1.0,"[1, 0, 0, 0, 0, 1, 1]",5.25,"[0, 1.0, 1.0, 1.0, 1.0, 0, 0]",5.25,"[ 0.23203451  0.86475462  0.39963716  0.71082935  0.50792131  0.77085031
  0.53617304  0.79522225  0.62057362  0.60477333  0.3093981   0.43095
  0.70144361  0.21577629  0.62324737  0.25616595  0.68693421  0.26425673
  1.2227894  -0.18529127]",0.039
noisy_sampling,vanilla,static,10,False,7,>>graph6<<FkPsg,1348.9247167110443,328,0.9523809523809523,"[0, 1, 0, 0, 1, 1, 1]",5.0,"[0, 1.0, 1.0, 1.0, 1.0, 0, 0]",5.25,"[ 1.14300992  0.92874337  0.22647788  0.81862919  0.39493141  0.74677037
  0.39061584  0.92945263  0.77508692  0.5702421   0.49397904  0.46082084
  0.45840152  0.41125236  0.68724576  0.30464268  0.62261602  0.18186345
  1.13839913 -0.0707688 ]",0.036199999999999996
noisy_sampling,vanilla,gaussian,10,True,7,>>graph6<<Fm~]w,1385.7935845851898,286,0.6785714285714286,"[0, 1, 0, 1, 0, 1, 0]",4.75,"[1.0, 0, 1.0, 1.0, 0, 0, 1.0]",7.0,"[3.0804974  1.82276359 3.34998949 1.66083777 3.15300987 1.54794817
 3.28401113 1.56615396 3.08056142 1.36878158 3.17816039 1.38317075
 2.92438137 1.4255807  3.13256618 1.44776118 3.32080193 1.53480746
 4.29363797 1.54077135]",0.0188
noisy_sampling,vanilla,gaussian,10,True,7,>>graph6<<Fm~]w,1408.586196422577,280,0.7857142857142857,"[0, 1, 0, 0, 0, 1, 1]",5.5,"[1.0, 0, 1.0, 1.0, 0, 0, 1.0]",7.0,"[4.38114235 1.60601155 3.22904509 1.54977596 2.82783336 1.64239079
 4.23627016 1.38813758 3.10871927 1.6612967  2.94024861 1.56342055
 2.83378846 1.60547825 2.86885011 1.48872972 3.16902848 1.63871694
 3.04311577 1.77422051]",0.012799999999999999
noisy_sampling,vanilla,gaussian,10,True,9,>>graph6<<HkPsgZ@,1193.650455713272,275,0.5333333333333333,"[0, 1, 0, 0, 1, 1, 1, 1, 1]",4.0,"[1.0, 1.0, 0, 0, 0, 0, 1.0, 1.0, 0]",7.5,"[4.38439789 2.63517457 3.36884566 1.51696758 3.04147804 1.76555449
 4.12972276 1.61000271 3.15516739 2.37546336 3.29625809 1.39899678
 3.12153512 1.55254285 3.07507524 1.48729627 3.03215643 1.60261742
 3.12261467 1.6899937 ]",0.01
noisy_sampling,vanilla,gaussian,10,True,9,>>graph6<<HkPsgZ@,1232.5943365097046,289,0.26666666666666666,"[1, 0, 1, 1, 1, 1, 1, 1, 1]",2.0,"[1.0, 1.0, 0, 0, 0, 0, 1.0, 1.0, 0]",7.5,"[3.95167538 1.63210298 2.83812883 2.69558865 3.64828124 1.4060301
 2.97852146 1.69287553 3.16754974 1.70293434 3.07024892 1.82835266
 2.7518348  1.48436924 2.99158995 1.58645243 2.99291146 1.59031902
 3.37139598 1.56068877]",0.0054
noisy_sampling,vanilla,static,10,False,5,>>graph6<<DkO,1152.8241064548492,331,1.0,"[1, 0, 0, 1, 0]",2.5,"[1.0, 0, 0, 1.0, 0]",2.5,"[ 0.20429554  0.81916245 -0.06904012  0.75070567  0.16012199  0.4690474
  0.43430101  0.81398241  0.82346087  0.46534638  0.54873075  0.39890383
  0.32898435  1.32652574  0.61878632  0.01230426  0.72813396  0.12091902
  0.89061771 -0.0358855 ]",0.3624
noisy_sampling,vanilla,static,10,False,5,>>graph6<<DkO,1072.651277065277,344,1.0,"[1, 0, 0, 1, 0]",2.5,"[1.0, 0, 0, 1.0, 0]",2.5,"[ 0.2954817   0.98716457 -0.50289131  0.60243609  0.42089456  0.40919678
  0.42879796  0.63038934  0.76134324  0.57622848  0.54455371  0.29209468
  0.60010574  1.30835655  0.82108977  0.35408581  1.38652495  0.07572197
  1.14740018 -0.03591704]",0.3876
noisy_sampling,vanilla,static,10,False,5,>>graph6<<Dm{,935.2200145721436,282,0.7333333333333333,"[1, 1, 0, 0, 1]",2.75,"[1.0, 0, 0, 0, 1.0]",3.75,"[1.06762346 1.93098007 0.18605123 0.80570654 0.2854697  0.70053579
 0.3683609  0.66264994 0.69297172 0.51490898 0.53966647 0.44407426
 0.62002621 0.35032426 0.71637954 0.2720548  0.8729856  0.17138743
 0.79070337 0.0734854 ]",0.0746
noisy_sampling,vanilla,static,10,False,7,>>graph6<<Fm~]w,1334.7233967781067,268,0.8214285714285714,"[1, 0, 0, 0, 1, 0, 1]",5.75,"[1.0, 0, 1.0, 1.0, 0, 0, 1.0]",7.0,"[1.10501317 0.89479441 0.18563792 0.80224945 0.26775144 0.70623072
 0.43623843 0.63308014 0.69744885 0.51179301 0.52979991 0.35126424
 0.62142325 0.35841266 0.61566247 0.25835301 0.80111516 0.2568456
 0.89169536 0.06816891]",0.0212
noisy_sampling,vanilla,static,10,False,7,>>graph6<<Fm~]w,1400.6277191638947,284,0.39285714285714285,"[1, 1, 1, 1, 0, 1, 1]",2.75,"[1.0, 0, 1.0, 1.0, 0, 0, 1.0]",7.0,"[1.08938474 0.98596635 1.17126633 0.82415    0.36054677 0.73442299
 0.38198196 1.61680533 0.46534038 0.65869088 0.55038641 0.4536541
 0.65676997 0.35660424 0.72022508 0.27033206 0.80338067 0.16614199
 0.89918639 0.0632353 ]",0.016
noisy_sampling,vanilla,static,10,False,5,>>graph6<<Dm{,1117.893942117691,336,1.0,"[1, 0, 0, 0, 1]",3.75,"[1.0, 0, 0, 0, 1.0]",3.75,"[1.11926764 0.93876014 0.28952796 0.85602211 0.03332203 0.83654519
 0.41482137 1.59354746 0.71274085 0.41812693 0.63363499 1.37322641
 0.7305585  0.37080963 0.68309953 0.30182526 0.72287463 0.23031655
 0.82720219 0.07464329]",0.1032
noisy_sampling,vanilla,static,10,False,9,>>graph6<<HkPsgZ@,1413.1236934661865,316,0.9666666666666667,"[1, 0, 0, 1, 0, 0, 1, 1, 1]",7.25,"[1.0, 1.0, 0, 0, 0, 0, 1.0, 1.0, 0]",7.5,"[1.09305465 0.91418031 0.37604398 0.78247862 0.12154547 1.03006002
 1.45682919 0.3930557  0.549343   0.60548302 0.34414775 0.48771311
 0.72876617 0.35156136 0.6413394  0.31182809 0.74712401 0.25339486
 0.60700659 0.06820587]",0.012
noisy_sampling,vanilla,static,10,False,9,>>graph6<<HkPsgZ@,1409.1165552139282,301,0.9333333333333333,"[1, 1, 1, 0, 0, 0, 1, 1, 0]",7.0,"[1.0, 1.0, 0, 0, 0, 0, 1.0, 1.0, 0]",7.5,"[1.0672215  1.06056218 0.45151353 0.79282677 0.41444242 0.68111089
 0.63925904 0.53331814 0.72787875 0.48981652 0.50354937 0.62783362
 0.61505836 0.33639859 0.68397018 0.26200227 0.80367983 0.18135507
 1.09645357 0.01881944]",0.014400000000000001
noisy_sampling,vanilla,gaussian,10,True,9,>>graph6<<Hm~]x^^,1616.5098021030426,281,0.673469387755102,"[0, 1, 1, 0, 1, 0, 1, 1, 1]",8.25,"[1.0, 1.0, 0, 1.0, 0, 0, 0, 1.0, 0]",12.25,"[3.21757831 2.62984715 4.08204764 1.45665416 3.01505516 1.50765139
 3.18807946 1.60984337 3.08239594 1.56486643 3.12652199 1.65883414
 2.79953842 1.53737269 3.34813395 1.52370767 2.97724637 1.50065882
 4.30475361 1.55611328]",0.0042
noisy_sampling,vanilla,gaussian,10,True,9,>>graph6<<Hm~]x^^,1577.9308030605316,279,0.5714285714285714,"[1, 0, 1, 0, 1, 0, 0, 1, 0]",7.0,"[1.0, 1.0, 0, 1.0, 0, 0, 0, 1.0, 0]",12.25,"[3.07531766 1.5671695  3.31187332 1.5687299  4.33612305 1.63467855
 3.10058654 1.7666995  2.79115494 1.54605662 3.34274983 1.56688487
 4.40135227 1.56481668 3.10608872 1.49190374 3.01667093 1.46915562
 3.07025083 1.37516022]",0.003
noisy_sampling,vanilla,gaussian,10,True,9,>>graph6<<Hm~]x^^,1648.7664523124695,278,0.6326530612244898,"[1, 0, 1, 0, 0, 0, 1, 0, 0]",7.75,"[1.0, 1.0, 0, 1.0, 0, 0, 0, 1.0, 0]",12.25,"[2.95056314 1.61671244 2.88293085 1.55751127 2.93763415 1.5704606
 2.84150155 1.44129526 4.30864163 2.73445797 3.16528768 1.74044296
 3.02542718 2.49175672 3.15798426 1.53078403 3.14752297 1.60041231
 3.26337764 1.27906668]",0.0032
noisy_sampling,vanilla,static,10,True,7,>>graph6<<FkPsg,1463.2571370601654,338,1.0,"[1, 0, 0, 0, 0, 1, 1]",5.25,"[0, 1.0, 1.0, 1.0, 1.0, 0, 0]",5.25,"[-0.07057766  0.64574684  0.19530346  0.81088246  0.49796067  0.7830001
  0.20441446  0.58943052  1.80922812 -0.03836997  0.18782523  0.27964274
  0.15586318  0.41699252  0.62349671 -0.0584736   0.14022504  0.12277452
  0.92711936  0.27236086]",0.049
noisy_sampling,vanilla,static,10,True,7,>>graph6<<FkPsg,1255.2359499931335,291,1.0,"[1, 0, 0, 0, 0, 1, 1]",5.25,"[0, 1.0, 1.0, 1.0, 1.0, 0, 0]",5.25,"[ 0.98181546  0.71603015  0.58494761  0.73286557  0.01481846  0.46933679
  0.13993633  0.33235959  1.58937251  0.09742334  0.71672172  0.56610524
  1.63339127  0.35835349  0.62309521  0.14105264  0.59654955 -0.01357785
  0.87979884  1.12009479]",0.0448
noisy_sampling,vanilla,static,10,True,7,>>graph6<<FkPsg,1333.410331249237,313,1.0,"[0, 1, 1, 1, 1, 0, 0]",5.25,"[0, 1.0, 1.0, 1.0, 1.0, 0, 0]",5.25,"[0.84000599 0.80062346 0.68970513 0.79145208 0.26968802 0.53200421
 0.13461286 0.68895428 1.405259   0.45454021 0.84858524 0.80868646
 1.89551614 0.39144343 0.70954667 0.35684407 0.70303644 0.16670414
 0.7398391  1.10092719]",0.0398
noisy_sampling,vanilla,static,10,False,9,>>graph6<<Hm~]x^^,1657.7751359939575,282,0.32653061224489793,"[1, 0, 1, 1, 1, 1, 1, 1, 1]",4.0,"[1.0, 1.0, 0, 1.0, 0, 0, 0, 1.0, 0]",12.25,"[ 1.0049703   0.94583319  1.40150638  1.11549833 -0.01792961  2.08676855
  0.16062681  0.56745052  0.45489804  0.36901995  1.19001019  0.62102055
  0.89689928  0.55751166  0.87558896  0.41194514  1.05574068  0.42641731
  2.2614039   1.17627152]",0.0036
noisy_sampling,vanilla,static,10,False,9,>>graph6<<Hm~]x^^,1562.1747975349426,271,0.6122448979591837,"[1, 1, 1, 0, 1, 1, 0, 1, 0]",7.5,"[1.0, 1.0, 0, 1.0, 0, 0, 0, 1.0, 0]",12.25,"[0.14004724 1.86301456 0.17883453 0.77680368 0.28844331 0.68030082
 0.33662566 1.68879733 0.33238687 0.52173688 0.60631961 0.6358618
 0.62416524 0.36058809 0.7183666  0.26896133 0.80244538 0.18265961
 0.89536572 0.09486964]",0.004
noisy_sampling,vanilla,static,10,True,5,>>graph6<<DkO,1168.903252363205,352,1.0,"[0, 1, 1, 0, 1]",2.5,"[1.0, 0, 0, 1.0, 0]",2.5,"[ 0.09126051  0.62285974  0.81007168  0.72528411  0.08062529  0.75238509
  0.54918899  0.52717442  0.77248747  0.32533923  0.3002994   0.21030622
  0.88166389  0.43254446  0.76079166  0.172482    0.55951411 -0.01926444
  0.66898609  1.13466114]",0.41619999999999996
noisy_sampling,vanilla,static,10,True,5,>>graph6<<DkO,982.0887739658356,314,1.0,"[0, 1, 1, 0, 1]",2.5,"[1.0, 0, 0, 1.0, 0]",2.5,"[0.25303683 0.78491397 0.1217111  0.83378828 0.29994623 0.63867403
 0.39725027 0.79620719 0.52566876 0.42432302 0.37223106 0.68804039
 0.68230564 0.2325096  1.03178379 0.14165653 0.70287771 0.26504821
 0.49010093 0.54087577]",0.44639999999999996
noisy_sampling,vanilla,static,10,False,9,>>graph6<<Hm~]x^^,1555.9089632034302,271,0.7346938775510204,"[0, 1, 0, 1, 1, 1, 1, 0, 0]",9.0,"[1.0, 1.0, 0, 1.0, 0, 0, 0, 1.0, 0]",12.25,"[1.10000041 0.89999976 0.18888869 0.81111125 0.27777789 0.72222257
 0.36666671 0.6333334  0.4555555  0.54444437 0.54444453 0.45555574
 0.6333334  0.3666666  0.72222184 0.2777779  0.81111104 0.18888864
 0.90000001 0.10000047]",0.0028
noisy_sampling,vanilla,static,10,True,5,>>graph6<<DkO,1065.6985158920288,325,1.0,"[0, 1, 1, 0, 1]",2.5,"[1.0, 0, 0, 1.0, 0]",2.5,"[0.08858063 0.85649945 0.69501981 0.54165206 0.01445076 0.81412911
 0.45434413 0.55903271 0.51068766 0.44874627 0.69117279 0.31564649
 0.72195816 0.36294687 0.70212402 0.15905441 0.92014894 0.12818741
 0.76619239 0.90756696]",0.3932
noisy_sampling,vanilla,static,10,True,5,>>graph6<<Dm{,1062.6966531276703,330,1.0,"[1, 0, 0, 0, 1]",3.75,"[1.0, 0, 0, 0, 1.0]",3.75,"[1.01247225 0.79334575 0.16344249 0.84464646 0.32022204 0.6924905
 1.03104375 0.28736224 1.28891764 0.36346452 0.40010362 0.49759788
 1.76146396 1.57801045 0.54812247 0.26842927 0.76200249 0.16791919
 1.92526093 1.17588583]",0.1704
noisy_sampling,vanilla,static,10,True,5,>>graph6<<Dm{,979.6013181209564,299,1.0,"[0, 1, 1, 1, 0]",3.75,"[1.0, 0, 0, 0, 1.0]",3.75,"[-0.08966584  0.87010273  0.18046123  0.79983408  0.11218868  0.74099372
  0.57283445  0.47482045  1.21778611  0.58551429  0.38312963  0.38226616
  0.61595792  0.38666431  1.72360292  0.37068196  0.75985836  0.23102968
  0.88786202  0.08788149]",0.158
noisy_sampling,vanilla,static,10,True,5,>>graph6<<Dm{,1003.7293469905853,305,1.0,"[1, 0, 0, 0, 1]",3.75,"[1.0, 0, 0, 0, 1.0]",3.75,"[-0.36968036  0.82829187  1.21339957  1.80961884  0.16680961  0.58856649
 -0.1480788   0.86165477  1.44329269  0.44950342  0.37862317  0.481546
  0.59657425  1.36960151  1.16318365  0.10197471  0.69062388  0.05910589
  1.48524837  1.13259808]",0.1308
noisy_sampling,vanilla,static,10,True,9,>>graph6<<HkPsgZ@,1361.7022466659546,313,0.9333333333333333,"[0, 0, 1, 1, 1, 0, 1, 1, 1]",7.0,"[1.0, 1.0, 0, 0, 0, 0, 1.0, 1.0, 0]",7.5,"[ 0.12477096  0.95598242  1.10899753  0.54318364 -0.24877931  0.7246661
 -0.09175493  0.08326721  0.36543144  1.51730227  0.20487068  0.23641968
  0.65893954  1.35158421  0.67917021  0.03117654  0.52112425  0.02311259
  0.5815076   0.05301942]",0.008799999999999999
noisy_sampling,vanilla,static,10,True,9,>>graph6<<HkPsgZ@,1341.2252717018127,305,0.7,"[0, 0, 1, 0, 0, 1, 0, 1, 1]",5.25,"[1.0, 1.0, 0, 0, 0, 0, 1.0, 1.0, 0]",7.5,"[0.1282178  0.92420455 1.18700376 1.25546429 0.13727457 0.58129507
 0.28099966 0.59332604 0.49765185 0.45976152 0.58182708 1.45557431
 0.56450407 0.34308586 0.83628413 0.41123649 0.95693042 0.17354064
 0.69790125 0.01233755]",0.0104
noisy_sampling,vanilla,static,10,True,9,>>graph6<<HkPsgZ@,1223.5598742961884,279,0.9333333333333333,"[1, 0, 0, 0, 0, 0, 1, 1, 1]",7.0,"[1.0, 1.0, 0, 0, 0, 0, 1.0, 1.0, 0]",7.5,"[0.0992691  0.90062275 0.18975945 1.81241777 0.27798578 0.72225731
 0.36498775 0.63403092 0.45569757 0.54590314 0.5435228  0.4561718
 0.62958283 0.36906144 0.71719346 1.27735035 0.8099845  0.18756733
 0.90143702 0.09924646]",0.0102
noisy_sampling,vanilla,static,10,True,7,>>graph6<<Fm~]w,1472.1555089950562,282,1.0,"[0, 1, 0, 0, 1, 1, 0]",7.0,"[1.0, 0, 1.0, 1.0, 0, 0, 1.0]",7.0,"[-0.15251262  0.7300678  -0.03059156  1.81514837  0.09814174  0.4363104
 -0.45269482  0.57314137  0.27057538  0.37854952  0.42075732  0.15165956
  0.4960663   0.30757577  0.4862257   1.4132097   0.77404166  0.18338353
  0.68492384  1.18221342]",0.02
noisy_sampling,vanilla,static,10,True,7,>>graph6<<Fm~]w,1392.8868954181671,275,0.8928571428571429,"[0, 1, 1, 0, 0, 1, 0]",6.25,"[1.0, 0, 1.0, 1.0, 0, 0, 1.0]",7.0,"[1.1        0.9        0.18888889 0.95491346 0.07327623 0.72222223
 0.36666667 0.63333334 0.45555556 0.54444445 1.54444445 0.45555555
 0.63333334 0.36666666 1.72222222 0.27777778 0.81111111 1.18888889
 0.9        0.10000001]",0.0126
noisy_sampling,vanilla,static,10,True,7,>>graph6<<Fm~]w,1516.5358707904816,297,1.0,"[1, 0, 1, 1, 0, 0, 1]",7.0,"[1.0, 0, 1.0, 1.0, 0, 0, 1.0]",7.0,"[ 0.86990838  0.72465101  0.45594994  0.95032631  0.29433269  0.32694707
  0.09889237  0.59110168  1.7230759   0.19454948  0.46122935  0.27216935
  1.63148857  0.25007132  0.65502291  0.07866268  0.60327644 -0.02005231
  0.82115695  1.01579271]",0.0196
noisy_sampling,vanilla,gaussian,10,False,9,>>graph6<<Hm~]x^^,1529.4696488380432,263,0.6326530612244898,"[0, 0, 1, 1, 1, 0, 0, 0, 0]",7.75,"[1.0, 1.0, 0, 1.0, 0, 0, 0, 1.0, 0]",12.25,"[4.24120541 1.54490424 4.4067998  1.73274966 2.6242176  1.4973251
 2.90200279 1.65227667 2.87992671 1.46560555 2.97019161 1.48107354
 3.2734793  1.56568098 3.13593001 1.68835256 3.25977268 1.54787317
 3.00053213 1.52609848]",0.0056
noisy_sampling,vanilla,gaussian,10,False,9,>>graph6<<Hm~]x^^,1581.5311193466187,266,0.7346938775510204,"[1, 0, 1, 1, 0, 0, 0, 0, 0]",9.0,"[1.0, 1.0, 0, 1.0, 0, 0, 0, 1.0, 0]",12.25,"[4.04543321 1.7069523  3.02971367 1.63734255 3.20238301 1.55207209
 3.06176077 1.47945205 3.01843574 1.60189504 3.078075   1.6678315
 2.98227103 1.58887527 3.14511281 1.61917625 3.14259799 1.56246665
 3.14518767 1.56803938]",0.0036
noisy_sampling,vanilla,gaussian,10,False,9,>>graph6<<Hm~]x^^,1612.8515756130219,281,0.7755102040816326,"[0, 1, 0, 0, 0, 0, 1, 1, 0]",9.5,"[1.0, 1.0, 0, 1.0, 0, 0, 0, 1.0, 0]",12.25,"[4.24481328 1.68787641 2.95735853 1.4443509  3.26492661 2.49264342
 2.95837362 1.63482974 3.01403161 1.69801818 3.19704752 1.58077912
 3.07624529 2.53513762 2.94214512 1.56419817 2.65677854 1.62551055
 3.25805213 1.4138637 ]",0.0036
noisy_sampling,vanilla,gaussian,10,False,9,>>graph6<<Hm~]x^^,1754.0240242481232,295,0.6530612244897959,"[1, 1, 0, 1, 1, 1, 0, 0, 0]",8.0,"[1.0, 1.0, 0, 1.0, 0, 0, 0, 1.0, 0]",12.25,"[2.91775547 2.55685145 3.13074126 1.52075975 3.10350511 1.39196516
 4.03805133 1.76835221 2.98900895 1.491377   3.15191699 1.64718159
 3.16177824 1.48368313 3.18151835 1.46502187 3.08176902 1.52251608
 3.56932531 1.74459903]",0.0046
noisy_sampling,vanilla,static,10,True,9,>>graph6<<Hm~]x^^,1623.1488292217255,286,0.7142857142857143,"[1, 0, 1, 1, 1, 0, 1, 1, 0]",8.75,"[1.0, 1.0, 0, 1.0, 0, 0, 0, 1.0, 0]",12.25,"[1.09977746 1.90009155 0.18942681 0.80976136 0.27769106 1.72231564
 1.36707242 0.63322897 0.45564222 0.54498658 1.54478678 0.45507501
 0.63336302 0.36642398 0.7225267  0.27805372 0.81084394 0.18892165
 0.90001886 1.09929088]",0.0068000000000000005
noisy_sampling,vanilla,static,10,True,9,>>graph6<<Hm~]x^^,1546.7937564849854,276,0.7142857142857143,"[1, 0, 1, 0, 0, 0, 1, 1, 0]",8.75,"[1.0, 1.0, 0, 1.0, 0, 0, 0, 1.0, 0]",12.25,"[0.03315064 1.82730149 1.01309497 0.87456622 0.07135758 0.97913686
 0.28253516 0.56991168 0.40652221 0.45759817 0.50962183 0.83354949
 0.56052631 0.29056314 0.65880057 0.2048932  1.77448815 0.14715893
 1.90058173 0.08976142]",0.004
noisy_sampling,vanilla,static,10,True,9,>>graph6<<Hm~]x^^,1569.6227605342865,272,0.42857142857142855,"[1, 1, 1, 1, 0, 1, 1, 0, 1]",5.25,"[1.0, 1.0, 0, 1.0, 0, 0, 0, 1.0, 0]",12.25,"[0.10068555 0.89809436 0.19087018 0.81028042 1.27412872 0.72177672
 0.37021064 0.63501781 0.4585984  0.54136822 0.54278408 0.45542427
 0.63397635 0.36708835 0.72241678 0.2780415  0.81173394 0.18954087
 0.9002937  0.09944065]",0.0042
noisy_sampling,vanilla,static,10,True,9,>>graph6<<Hm~]x^^,1510.6921257972717,275,0.46938775510204084,"[1, 1, 0, 1, 1, 0, 1, 1, 1]",5.75,"[1.0, 1.0, 0, 1.0, 0, 0, 0, 1.0, 0]",12.25,"[1.10022614 1.89855181 1.18816603 1.80985301 0.27790902 0.72110453
 0.36859991 0.63296092 0.45616024 0.54797639 0.54223313 0.4555182
 0.63733334 0.36680489 0.7227567  0.27804096 0.81140625 0.1896065
 0.90071318 0.09594754]",0.0038
noisy_sampling,vanilla,static,10,True,9,>>graph6<<Hm~]x^^,1509.6293895244598,284,0.673469387755102,"[1, 0, 0, 1, 1, 0, 1, 1, 1]",8.25,"[1.0, 1.0, 0, 1.0, 0, 0, 0, 1.0, 0]",12.25,"[1.1260972  0.89976491 0.18164818 1.81254737 1.31923556 0.70119548
 0.34710375 1.12745465 1.46355643 0.32454329 0.66709173 1.46409943
 0.63436685 0.35798484 0.69345938 0.25605019 0.80270518 0.18215802
 0.89539744 1.10400922]",0.006
