,graph_size,backend_mode,param_initialization,qaoa_variant,optimizer,warm_start,depth,vertexcover,amount_shots,max_tol,lagrangian_multiplier,time_elapsed,quantum_func_evals,ratio,quantum_solution,quantum_obj_value,classic_solution,classic_value,final_params,percent_measure_optimal,hamming_dist,graph_name
0,6,statevector,gaussian,vanilla,COBYLA,False,1,False,5000,1e-08,2,1.211611032485962,151,1.0,"[0, 1, 1, 0, 0, 0]",4.75,"[0, 1.0, 1.0, 0, 0, 0]",4.75,[2.80669848 0.85635243],0.13532000793677096,0,>>graph6<<Emz_
1,9,statevector,gaussian,vanilla,COBYLA,False,1,False,5000,1e-08,2,3.470463752746582,105,1.0,"[1, 1, 1, 0, 0, 0, 0, 0, 0]",11.0,"[1.0, 1.0, 1.0, 0, 0, 0, 0, 0, 0]",11.0,[2.83602311 0.59440888],0.033776681241561794,0,>>graph6<<HmzffJz
2,12,statevector,gaussian,vanilla,COBYLA,False,1,False,5000,1e-08,2,9.85547423362732,161,1.0,"[1, 0, 0, 0, 1, 0, 1, 1, 0, 1, 1, 0]",19.5,"[0, 1.0, 1.0, 1.0, 0, 1.0, 0, 0, 1.0, 0, 0, 1.0]",19.5,[2.84699263 0.50992898],0.009252026099305257,0,>>graph6<<KmzffJznl{hU
3,9,statevector,gaussian,vanilla,COBYLA,False,1,False,5000,1e-08,2,1.239898681640625,99,1.0,"[1, 1, 0, 1, 0, 1, 1, 0, 0]",8.0,"[1.0, 1.0, 0, 1.0, 0, 1.0, 1.0, 0, 0]",8.0,[2.76316027 0.8768873 ],0.06961115420993189,0,>>graph6<<Hh_iS_u
4,6,statevector,gaussian,vanilla,COBYLA,True,1,False,5000,1e-08,2,0.7793729305267334,96,0.8947368421052632,"[1, 1, 1, 0, 0, 0]",4.25,"[0, 1.0, 1.0, 0, 0, 0]",4.75,[2.91740954 3.37794172],0.05431554426402628,0,>>graph6<<Emz_
5,9,statevector,gaussian,vanilla,COBYLA,True,1,False,5000,1e-08,2,4.216036081314087,96,1.0,"[1, 1, 1, 0, 0, 0, 0, 0, 0]",11.0,"[1.0, 1.0, 1.0, 0, 0, 0, 0, 0, 0]",11.0,[3.44684553 0.64374531],0.10362867245069203,0,>>graph6<<HmzffJz
6,9,statevector,gaussian,vanilla,COBYLA,True,1,False,5000,1e-08,2,1.5405285358428955,85,1.0,"[1, 1, 0, 1, 0, 1, 1, 0, 0]",8.0,"[1.0, 1.0, 0, 1.0, 0, 1.0, 1.0, 0, 0]",8.0,[3.51364337 0.91505255],0.17885707878947257,0,>>graph6<<Hh_iS_u
7,9,statevector,gaussian,vanilla,COBYLA,False,2,False,5000,1e-08,2,7.714398622512817,144,0.8181818181818182,"[1, 1, 0, 0, 1, 0, 0, 0, 0]",9.0,"[1.0, 1.0, 1.0, 0, 0, 0, 0, 0, 0]",11.0,[4.28011875 1.86971532 3.05909768 2.67519889],0.027783138321381174,0,>>graph6<<HmzffJz
8,9,statevector,gaussian,vanilla,COBYLA,False,2,False,5000,1e-08,2,11.290100336074829,344,1.0,"[1, 1, 0, 1, 0, 1, 1, 0, 0]",8.0,"[1.0, 1.0, 0, 1.0, 0, 1.0, 1.0, 0, 0]",8.0,[4.44072678 1.14004786 3.2188636  3.40095895],0.06258319517563037,0,>>graph6<<Hh_iS_u
9,6,statevector,gaussian,vanilla,COBYLA,True,2,False,5000,1e-08,2,9.026002883911133,311,0.8947368421052632,"[0, 1, 1, 1, 0, 0]",4.25,"[0, 1.0, 1.0, 0, 0, 0]",4.75,[4.23614935 1.55601357 3.49680777 0.81691148],0.036453055722009325,0,>>graph6<<Emz_
10,12,statevector,gaussian,vanilla,COBYLA,True,1,False,5000,1e-08,2,21.41858696937561,232,1.0,"[1, 0, 0, 0, 1, 0, 1, 1, 0, 1, 1, 0]",19.5,"[0, 1.0, 1.0, 1.0, 0, 1.0, 0, 0, 1.0, 0, 0, 1.0]",19.5,[1.65358967 0.08296945],0.5679915601365775,0,>>graph6<<KmzffJznl{hU
11,6,statevector,gaussian,vanilla,COBYLA,False,2,False,5000,1e-08,2,52.33537983894348,2352,1.0,"[0, 1, 1, 0, 0, 0]",4.75,"[0, 1.0, 1.0, 0, 0, 0]",4.75,[2.69986631 1.30363481 0.71466794 1.3683697 ],0.36991086537146883,0,>>graph6<<Emz_
12,12,statevector,gaussian,vanilla,COBYLA,False,2,False,5000,1e-08,2,54.44745063781738,963,0.717948717948718,"[0, 0, 1, 1, 1, 1, 0, 0, 0, 0, 1, 0]",14.0,"[0, 1.0, 1.0, 1.0, 0, 1.0, 0, 0, 1.0, 0, 0, 1.0]",19.5,[3.59390823 1.64319806 3.86511845 1.70772261],0.001574193503537161,0,>>graph6<<KmzffJznl{hU
13,9,statevector,gaussian,vanilla,COBYLA,True,2,False,5000,1e-08,2,17.709999799728394,248,0.8863636363636364,"[0, 0, 0, 0, 0, 1, 1, 1, 1]",9.75,"[1.0, 1.0, 1.0, 0, 0, 0, 0, 0, 0]",11.0,[2.92281424 1.38238684 3.72482761 1.63401426],0.00044761257366106896,0,>>graph6<<HmzffJz
14,12,statevector,gaussian,vanilla,COBYLA,True,2,False,5000,1e-08,2,30.156110286712646,248,0.9615384615384616,"[1, 0, 0, 0, 1, 0, 1, 1, 0, 1, 0, 0]",18.75,"[0, 1.0, 1.0, 1.0, 0, 1.0, 0, 0, 1.0, 0, 0, 1.0]",19.5,[3.02474237 1.57670063 3.50242285 1.53582111],0.008188522513505849,0,>>graph6<<KmzffJznl{hU
15,9,statevector,gaussian,vanilla,COBYLA,True,2,False,5000,1e-08,2,8.273271560668945,167,0.9375,"[0, 1, 0, 1, 0, 1, 1, 0, 0]",7.5,"[1.0, 1.0, 0, 1.0, 0, 1.0, 1.0, 0, 0]",8.0,[4.42050051 1.35445695 3.18529591 0.84231082],0.031696718312897214,0,>>graph6<<Hh_iS_u
16,6,statevector,gaussian,multiangle,COBYLA,False,1,False,5000,1e-08,2,10.196122407913208,550,1.0,"[0, 1, 1, 0, 0, 0]",4.75,"[0, 1.0, 1.0, 0, 0, 0]",4.75,"[3.14159265 4.71238898 4.71238898 3.14159267 3.14159268 3.14159264
 4.06682318 3.13704725 2.49346434 2.70387113 1.96142073 0.92788206
 1.48962449 1.36987529 1.70382589 1.9202094 ]",0.9999999999999989,0,>>graph6<<Emz_
17,9,statevector,gaussian,multiangle,COBYLA,False,1,False,5000,1e-08,2,24.510473251342773,1462,1.0,"[1, 1, 1, 0, 0, 0, 0, 0, 0]",11.0,"[1.0, 1.0, 1.0, 0, 0, 0, 0, 0, 0]",11.0,"[4.712389   4.71238895 4.71238896 6.2831853  3.14159261 3.14159266
 3.14159265 3.14159265 3.14159276 2.06211927 3.29898664 2.57689834
 3.21269816 3.08216797 4.41760009 3.13786208 3.16717364 3.30440309
 3.25161944 3.26985274 3.19260226 3.15088175 3.75246172 4.09003004
 3.22369155 3.07461854 1.36409645 1.32531593 0.76523638 1.7316618
 0.88186831 1.59844454 0.92220884 0.73702928]",0.9999999999999849,0,>>graph6<<HmzffJz
18,9,statevector,gaussian,multiangle,COBYLA,False,1,False,5000,1e-08,2,17.352059602737427,1185,0.96875,"[0, 1, 1, 1, 0, 1, 1, 0, 0]",7.75,"[1.0, 1.0, 0, 1.0, 0, 1.0, 1.0, 0, 0]",8.0,"[3.14159266 4.71238897 4.71238879 4.71238902 6.28318531 4.71238897
 4.71238897 3.14159265 3.14159264 5.13295227 4.47017499 4.60914326
 3.20071096 2.82374118 1.26140846 1.78744982 1.5702621  1.89465735
 1.30599054 1.7427312  1.51202319 1.46568408 1.52971908]",1.5922502837842695e-30,0,>>graph6<<Hh_iS_u
19,6,statevector,gaussian,multiangle,COBYLA,True,1,False,5000,1e-08,2,13.750659704208374,1557,1.0,"[0, 1, 1, 0, 0, 0]",4.75,"[0, 1.0, 1.0, 0, 0, 0]",4.75,"[1.57079636e+00 4.71238900e+00 1.57079631e+00 4.71238937e+00
 4.71238892e+00 4.71238901e+00 4.71238900e+00 3.14159270e+00
 3.14159263e+00 3.14159267e+00 1.57079633e+00 1.88662703e-08
 1.57079635e+00 3.14159264e+00 1.57079628e+00 1.57079633e+00]",0.7568673903430668,0,>>graph6<<Emz_
20,12,statevector,gaussian,multiangle,COBYLA,False,1,False,5000,1e-08,2,52.527663469314575,2184,1.0,"[0, 1, 1, 1, 0, 1, 0, 0, 1, 0, 0, 1]",19.5,"[0, 1.0, 1.0, 1.0, 0, 1.0, 0, 0, 1.0, 0, 0, 1.0]",19.5,"[3.14159266 4.712389   3.14159267 4.71238895 4.712389   4.71238898
 3.14159268 4.71238902 3.14159265 3.14159269 4.712389   3.14159266
 3.35694622 2.73262234 3.69633885 3.01295967 2.93508883 3.2049933
 3.74740753 3.46504769 2.76445575 4.04751647 3.34067871 4.2348748
 3.16366826 2.92282042 3.80156057 3.76783703 2.78618205 3.33067269
 2.98921183 3.82979458 2.83833443 2.77134345 3.48877249 3.15367955
 2.86547241 2.64322243 3.09325266 3.14927719 3.16685465 3.08846893
 3.35992747 3.59139499 1.63428732 1.55934478 1.30494625 1.38688596
 1.82190006 1.53756776 1.17829428 1.70409003 1.81118157 1.58035206
 1.30569168 1.73953512]",0.9999999999999949,0,>>graph6<<KmzffJznl{hU
21,9,statevector,gaussian,multiangle,COBYLA,True,1,False,5000,1e-08,2,47.50928258895874,5000,1.0,"[1, 1, 0, 1, 0, 1, 1, 0, 0]",8.0,"[1.0, 1.0, 0, 1.0, 0, 1.0, 1.0, 0, 0]",8.0,"[5.07131097 4.71248883 4.47390861 4.70847064 1.5748964  1.56654043
 4.71041272 4.71226256 1.57157897 3.14154238 4.7151608  4.71281388
 3.15091847 3.14992575 1.85222478 1.57957273 1.57050551 1.57074719
 1.57044785 1.57046415 1.58453947 1.57051025 3.15063702]",0.6253227030949852,0,>>graph6<<Hh_iS_u
22,6,statevector,gaussian,multiangle,COBYLA,False,2,False,5000,1e-08,2,40.043782472610474,5000,1.0,"[1, 0, 0, 1, 1, 1]",4.75,"[0, 1.0, 1.0, 0, 0, 0]",4.75,"[4.63088693 3.14161462 3.14158213 4.37310868 3.14159843 3.14215524
 3.22310966 3.1415867  3.14162449 3.48089301 1.57085107 1.57024156
 2.8035102  1.67472103 1.65673936 1.50003001 2.71115574 3.15772905
 2.98671446 3.40811511 2.69512507 3.34149649 4.47647929 3.16652853
 3.22856913 4.28998702 2.55974193 3.16588104 1.84409887 2.14157323
 1.53554437 1.56059262]",0.999998625329099,0,>>graph6<<Emz_
23,6,statevector,gaussian,vanilla,COBYLA,False,1,False,5000,1e-08,2,0.5252299308776855,155,1.0,"[0, 1, 1, 0, 0, 0]",4.75,"[0, 1.0, 1.0, 0, 0, 0]",4.75,[2.80669846 0.85635244],0.13532001338819594,0,>>graph6<<Emz_
24,9,statevector,gaussian,vanilla,COBYLA,False,1,False,5000,1e-08,2,0.5946967601776123,88,1.0,"[1, 1, 1, 0, 0, 0, 0, 0, 0]",11.0,"[1.0, 1.0, 1.0, 0, 0, 0, 0, 0, 0]",11.0,[2.8360231  0.59440889],0.03377668383916867,0,>>graph6<<HmzffJz
25,12,statevector,gaussian,vanilla,COBYLA,False,1,False,5000,1e-08,2,0.9635217189788818,68,0.6410256410256411,"[1, 0, 1, 0, 0, 1, 1, 0, 0, 0, 1, 0]",12.5,"[0, 1.0, 1.0, 1.0, 0, 1.0, 0, 0, 1.0, 0, 0, 1.0]",19.5,[4.35613964 2.45775766],0.00016452961827489535,0,>>graph6<<KmzffJznl{hU
26,9,statevector,gaussian,vanilla,COBYLA,False,1,False,5000,1e-08,2,0.4170963764190674,87,1.0,"[1, 1, 0, 1, 0, 1, 1, 0, 0]",8.0,"[1.0, 1.0, 0, 1.0, 0, 1.0, 1.0, 0, 0]",8.0,[2.76316026 0.87688725],0.06961115294868436,0,>>graph6<<Hh_iS_u
27,6,statevector,gaussian,vanilla,COBYLA,True,1,False,5000,1e-08,2,0.4267871379852295,96,1.0,"[0, 1, 1, 0, 0, 0]",4.75,"[0, 1.0, 1.0, 0, 0, 0]",4.75,[3.46581451 0.84399667],0.21130324462752195,0,>>graph6<<Emz_
28,9,statevector,gaussian,vanilla,COBYLA,True,1,False,5000,1e-08,2,0.6313655376434326,74,0.9318181818181818,"[1, 1, 1, 0, 1, 0, 0, 0, 0]",10.25,"[1.0, 1.0, 1.0, 0, 0, 0, 0, 0, 0]",11.0,[3.01459487 2.1243091 ],0.024052942253200395,0,>>graph6<<HmzffJz
29,12,statevector,gaussian,vanilla,COBYLA,True,1,False,5000,1e-08,2,1.5009734630584717,85,1.0,"[0, 1, 1, 1, 0, 1, 0, 0, 1, 0, 0, 1]",19.5,"[0, 1.0, 1.0, 1.0, 0, 1.0, 0, 0, 1.0, 0, 0, 1.0]",19.5,[3.05473854 1.76036363],0.010912337276216716,0,>>graph6<<KmzffJznl{hU
30,9,statevector,gaussian,multiangle,COBYLA,True,1,False,5000,1e-08,2,63.94439339637756,5000,1.0,"[1, 1, 1, 0, 0, 0, 0, 0, 0]",11.0,"[1.0, 1.0, 1.0, 0, 0, 0, 0, 0, 0]",11.0,"[4.72499999 4.7139976  1.60405576 4.70990246 4.71109652 1.57389771
 4.71788584 4.71743115 4.48788579 4.72240515 3.14839953 3.14131012
 3.1389076  3.14188878 4.7115223  3.14127841 3.14154826 3.13828103
 3.14193704 3.14087134 3.13910262 1.57268153 3.14064255 3.14067548
 3.14208511 1.57231864 1.57153355 1.58836865 0.01778567 1.62641067
 1.57342783 1.59467158 1.57045971 1.57057357]",0.6493038578386867,0,>>graph6<<HmzffJz
31,9,statevector,gaussian,multiangle,COBYLA,False,2,False,5000,1e-08,2,58.81197643280029,5000,0.96875,"[1, 0, 0, 0, 1, 0, 0, 1, 1]",7.75,"[1.0, 1.0, 0, 1.0, 0, 1.0, 1.0, 0, 0]",8.0,"[4.72036156 2.75721058 3.14154165 3.14157836 3.9133517  4.06456875
 4.13753768 3.14160638 3.36656515 3.14960709 3.52599176 3.14175386
 3.14161991 2.34253401 0.92291519 2.14560321 1.57076751 1.79573568
 1.01351644 0.8006919  1.45460805 1.48746701 1.93916068 3.79528939
 2.63215111 3.35255512 3.37948474 2.41567334 3.25936699 3.48269427
 2.9757003  3.33876138 4.51663915 4.71232782 3.13679234 3.15674926
 2.64837345 2.03495171 1.7664881  1.56048745 1.57083794 1.57083683
 1.61731391 1.61723566 1.57080308 1.57077021]",2.9803534208565515e-13,0,>>graph6<<Hh_iS_u
32,6,statevector,gaussian,multiangle,COBYLA,True,2,False,5000,1e-08,2,50.771870374679565,5000,1.0,"[0, 1, 1, 0, 0, 0]",4.75,"[0, 1.0, 1.0, 0, 0, 0]",4.75,"[4.83210418 4.17841498 3.04173016 1.72044859 3.18293079 4.33792008
 3.8126176  4.0619836  4.77013976 2.64374024 1.53371681 2.07831562
 1.57089193 1.62893388 1.58057088 1.44884645 3.13519339 2.57457453
 3.08178817 3.11811969 4.66521839 3.18336256 3.15977006 2.90433003
 3.07524976 3.45666812 1.60417107 2.12427588 1.66917707 1.63270544
 1.90685159 1.23723816]",0.9071567451268212,0,>>graph6<<Emz_
33,9,statevector,gaussian,vanilla,COBYLA,True,1,False,5000,1e-08,2,0.4884035587310791,73,0.9375,"[0, 1, 0, 1, 0, 1, 1, 0, 0]",7.5,"[1.0, 1.0, 0, 1.0, 0, 1.0, 1.0, 0, 0]",8.0,[2.94687255 2.44736349],0.02885855898926517,0,>>graph6<<Hh_iS_u
34,6,statevector,gaussian,vanilla,COBYLA,False,2,False,5000,1e-08,2,3.0337584018707275,554,1.0,"[0, 1, 1, 0, 0, 0]",4.75,"[0, 1.0, 1.0, 0, 0, 0]",4.75,[2.69986631 1.30363481 0.71466791 1.36836949],0.3699108536981534,0,>>graph6<<Emz_
35,9,statevector,gaussian,vanilla,COBYLA,False,2,False,5000,1e-08,2,1.8107304573059082,166,0.8181818181818182,"[1, 1, 0, 0, 1, 0, 0, 0, 0]",9.0,"[1.0, 1.0, 1.0, 0, 0, 0, 0, 0, 0]",11.0,[2.70932243 1.86971528 3.05909769 2.67519885],0.027783136564095885,0,>>graph6<<HmzffJz
36,12,statevector,gaussian,vanilla,COBYLA,False,2,False,5000,1e-08,2,10.331394910812378,441,0.6538461538461539,"[0, 1, 1, 0, 1, 0, 0, 1, 1, 0, 0, 0]",12.75,"[0, 1.0, 1.0, 1.0, 0, 1.0, 0, 0, 1.0, 0, 0, 1.0]",19.5,[3.46924114 1.77456679 3.45936783 2.78538155],4.532266143017029e-05,0,>>graph6<<KmzffJznl{hU
37,9,statevector,gaussian,vanilla,COBYLA,False,2,False,5000,1e-08,2,11.932437896728516,1563,0.625,"[1, 1, 1, 1, 0, 1, 0, 0, 0]",5.0,"[1.0, 1.0, 0, 1.0, 0, 1.0, 1.0, 0, 0]",8.0,[4.5691412  2.0171577  3.19793746 2.0388531 ],0.013613394025334019,0,>>graph6<<Hh_iS_u
38,9,statevector,gaussian,vanilla,COBYLA,True,2,False,5000,1e-08,2,2.436420440673828,174,0.9090909090909091,"[0, 0, 0, 1, 1, 1, 1, 0, 1]",10.0,"[1.0, 1.0, 1.0, 0, 0, 0, 0, 0, 0]",11.0,[3.70371854 1.48389162 3.26904887 0.71950748],0.028084222292693552,0,>>graph6<<HmzffJz
39,9,statevector,gaussian,vanilla,COBYLA,True,2,False,5000,1e-08,2,3.386155366897583,306,0.9375,"[0, 1, 0, 1, 0, 1, 1, 0, 0]",7.5,"[1.0, 1.0, 0, 1.0, 0, 1.0, 1.0, 0, 0]",8.0,[2.79751324 2.84070061 2.53286169 1.70905268],0.041932367880420825,0,>>graph6<<Hh_iS_u
40,9,statevector,gaussian,multiangle,COBYLA,False,2,False,5000,1e-08,2,96.58377027511597,5000,1.0,"[1, 1, 1, 0, 0, 0, 0, 0, 0]",11.0,"[1.0, 1.0, 1.0, 0, 0, 0, 0, 0, 0]",11.0,"[4.71238901 4.31383816 4.71239346 3.67408625 4.19315818 3.00971496
 3.14159246 4.71238903 3.14159267 3.14159258 3.54014337 3.14159729
 3.67408588 4.19315795 3.0097151  3.14159255 4.71238867 3.1415921
 3.10417162 3.1769547  4.13780767 4.00419544 3.93890585 3.07517414
 3.39474656 0.94888402 1.77665478 2.39132995 1.59730224 1.14370283
 1.03076667 1.77958988 1.83048388 2.30391107 2.8807227  3.17747637
 2.98248928 2.82295725 2.20448986 1.45326328 2.96655993 1.13182372
 2.5307144  4.03356574 3.05583188 3.82640727 2.76185816 2.68362686
 4.04916723 3.66034138 4.40651926 2.5679183  2.62980104 3.66946786
 3.64787225 4.47685725 3.903517   2.77047278 3.14159268 1.12893137
 1.39005415 2.20179681 0.99068492 2.4387665  1.44388006 2.61568753
 1.63785729 1.52086907]",0.9999999999978588,0,>>graph6<<HmzffJz
41,9,statevector,gaussian,multiangle,COBYLA,True,2,False,5000,1e-08,2,83.74361491203308,5000,1.0,"[1, 1, 0, 1, 0, 1, 1, 0, 0]",8.0,"[1.0, 1.0, 0, 1.0, 0, 1.0, 1.0, 0, 0]",8.0,"[3.85006397 4.72912443 3.64164714 4.39400117 4.09906815 4.43558617
 3.14763105 4.82488091 4.99073593 5.06132092 3.80017373 3.95812694
 2.16381634 4.13875591 2.32643616 1.57386276 2.37090548 3.91136002
 3.13616005 1.56488298 1.69207817 1.52525829 1.53544723 3.7691953
 4.69162958 3.04110744 3.24444099 3.14200655 3.13642109 3.12827059
 3.13549328 3.08056274 3.16301708 3.15533129 2.83344457 4.79962293
 3.21435411 2.08312524 1.6201322  1.87660626 2.58129977 1.56904598
 1.57829347 1.58376244 1.6008308  1.70090018]",0.771966648472358,0,>>graph6<<Hh_iS_u
42,6,statevector,gaussian,vanilla,COBYLA,True,2,False,5000,1e-08,2,13.182159185409546,1792,0.7368421052631579,"[1, 0, 0, 0, 0, 1]",3.5,"[0, 1.0, 1.0, 0, 0, 0]",4.75,[4.41786737 2.83291381 3.81031152 1.61044819],0.016937972987096588,0,>>graph6<<Emz_
43,12,statevector,gaussian,vanilla,COBYLA,True,2,False,5000,1e-08,2,11.754274606704712,387,0.9615384615384616,"[1, 0, 0, 0, 1, 0, 1, 1, 0, 1, 0, 0]",18.75,"[0, 1.0, 1.0, 1.0, 0, 1.0, 0, 0, 1.0, 0, 0, 1.0]",19.5,[3.02474238 1.57670062 3.50242285 1.5358211 ],0.008188522509692648,0,>>graph6<<KmzffJznl{hU
44,6,statevector,gaussian,multiangle,COBYLA,False,1,False,5000,1e-08,2,2.067525625228882,452,0.8421052631578947,"[0, 0, 1, 1, 1, 0]",4.0,"[0, 1.0, 1.0, 0, 0, 0]",4.75,"[3.14159263 3.14159266 4.71238896 4.71238899 4.71238897 2.3998798
 2.62725917 2.69390155 2.95286454 3.16011897 1.44307358 2.78387189
 2.63591071 3.47939376 0.97544589 1.18369141]",9.165559324992962e-32,0,>>graph6<<Emz_
45,9,statevector,gaussian,multiangle,COBYLA,False,1,False,5000,1e-08,2,14.417181253433228,1424,1.0,"[1, 1, 1, 0, 0, 0, 0, 0, 0]",11.0,"[1.0, 1.0, 1.0, 0, 0, 0, 0, 0, 0]",11.0,"[4.712389   4.71238898 4.71238898 3.14159265 3.14159268 3.14159265
 3.14159266 3.14159269 3.14159251 3.8060341  3.47502981 3.19696085
 3.12092645 3.0827939  3.30677949 2.19668167 2.08926893 3.14974657
 2.45453989 2.33327317 2.34064564 2.41657125 2.64647893 2.86012853
 3.69301443 2.46408142 1.35986868 2.02829087 2.33593025 1.09987783
 3.11089598 1.17105021 0.59650972 1.51340903]",0.9999999999999769,0,>>graph6<<HmzffJz
46,12,statevector,gaussian,multiangle,COBYLA,False,1,False,5000,1e-08,2,51.993239641189575,2088,1.0,"[0, 1, 1, 1, 0, 1, 0, 0, 1, 0, 0, 1]",19.5,"[0, 1.0, 1.0, 1.0, 0, 1.0, 0, 0, 1.0, 0, 0, 1.0]",19.5,"[3.14159268 4.71238895 3.14159267 4.71238901 4.71238896 4.71238901
 3.14159268 4.71238898 3.14159275 3.14159266 4.71238895 3.14159266
 5.35894135 3.22102218 1.72470356 3.03169867 2.52421564 2.46316013
 3.56610209 1.94205329 3.59451601 4.24778534 3.51614904 2.27088664
 3.08944231 3.76875048 3.22029128 3.6783136  4.24276378 2.59245984
 4.73746364 4.47088095 3.28128764 2.67025672 2.7872463  2.20980762
 3.1709779  3.74095907 3.29763035 3.18703025 2.69444428 2.97600692
 2.35242279 3.64714765 1.34843595 1.6369202  1.66075765 2.22960386
 3.61024026 1.05074913 0.67287088 2.65439992 2.75491159 0.03762245
 2.6975833  1.42918816]",0.9999999999999845,0,>>graph6<<KmzffJznl{hU
47,9,statevector,gaussian,multiangle,COBYLA,False,1,False,5000,1e-08,2,6.171375751495361,959,0.84375,"[0, 0, 1, 0, 1, 0, 1, 1, 0]",6.75,"[1.0, 1.0, 0, 1.0, 0, 1.0, 1.0, 0, 0]",8.0,"[3.14159267 3.14159267 4.71238896 6.28318536 4.712389   3.14159263
 4.71238901 4.71238897 3.24362935 3.1671481  1.692195   2.78767889
 4.698564   3.46115861 1.18193601 1.18629533 1.34211303 1.15520655
 1.07128883 1.4047321  0.80516625 1.18491925 1.12405216]",1.2422645084966441e-17,0,>>graph6<<Hh_iS_u
48,6,statevector,gaussian,multiangle,COBYLA,True,1,False,5000,1e-08,2,11.865326166152954,1975,1.0,"[0, 1, 1, 0, 0, 0]",4.75,"[0, 1.0, 1.0, 0, 0, 0]",4.75,"[3.20993689 4.69270903 3.85568907 4.73644818 1.55041673 3.73376129
 3.19328093 3.21196111 2.44817866 3.10012522 1.71454705 3.20048915
 1.57698933 1.57152829 1.57924341 1.57224021]",0.40899766705256113,0,>>graph6<<Emz_
49,6,statevector,gaussian,multiangle,COBYLA,False,2,False,5000,1e-08,2,9.829740047454834,1301,1.0,"[1, 0, 0, 1, 1, 1]",4.75,"[0, 1.0, 1.0, 0, 0, 0]",4.75,"[4.37114624 3.14159265 2.49951689 3.71361493 3.14159269 3.14159265
 2.80034991 3.14159265 2.49951689 4.14036666 1.57079639 1.57079633
 1.5108643  1.69827125 1.69756651 1.70783116 3.03715678 3.28494786
 3.18155874 3.12831809 3.07315141 2.91850412 3.47274496 3.20026551
 3.49752248 2.68270975 1.85359946 1.21486649 1.29062445 1.28799326
 1.51212347 1.57079634]",0.9999999999999936,0,>>graph6<<Emz_
50,12,statevector,gaussian,multiangle,COBYLA,True,1,False,5000,1e-08,2,143.9584813117981,5000,1.0,"[0, 1, 1, 1, 0, 1, 0, 0, 1, 0, 0, 1]",19.5,"[0, 1.0, 1.0, 1.0, 0, 1.0, 0, 0, 1.0, 0, 0, 1.0]",19.5,"[1.57120195 4.71239102 1.57563111 4.71165704 4.71104933 4.71255811
 4.71316723 1.5706718  1.57127814 4.7124625  1.57079899 4.71235857
 3.14155906 3.14160452 3.14148746 3.14134778 3.14116285 3.14158372
 3.14162638 4.71054718 4.71212227 3.14162253 3.14160696 3.14154936
 3.14159573 3.1415803  3.1416854  3.14159642 3.14155362 3.14153394
 3.14165652 3.14157774 3.14159079 3.14178557 3.14161567 3.14167191
 3.14153347 3.14159719 3.14148395 3.14148901 3.14160621 3.14156864
 3.14150152 3.14167552 1.5708518  1.57076306 3.14138057 1.57080771
 1.57070034 1.57066172 1.57073941 1.57085963 1.57061531 1.57093663
 1.57074089 3.14120285]",0.5728451632884162,0,>>graph6<<KmzffJznl{hU
51,9,statevector,gaussian,multiangle,COBYLA,True,2,False,5000,1e-08,2,122.31865096092224,5000,1.0,"[1, 1, 1, 0, 0, 0, 0, 0, 0]",11.0,"[1.0, 1.0, 1.0, 0, 0, 0, 0, 0, 0]",11.0,"[2.9650238  4.3158457  4.18435844 4.35821848 3.13207778 3.20592246
 4.70616834 3.02235692 3.20443053 4.79480663 3.88412357 3.95445972
 2.22294203 4.64559871 4.6239605  3.77861811 4.71285533 4.46200449
 3.22312264 3.15568476 3.13543177 3.09689159 3.0803734  2.79472955
 3.17665667 1.57950543 1.50003722 1.50394987 1.59523423 1.54364814
 1.58389593 1.20131554 1.38912738 1.45692954 3.14956979 3.14831559
 3.01541483 3.13773961 3.05218047 3.10595138 3.00903197 3.5236276
 2.97295834 3.0686502  3.12839022 3.16941244 3.22142832 3.26815717
 3.47776942 4.63423483 3.16065533 3.60513823 3.47893448 3.03657897
 3.17316447 3.14872364 3.48612097 3.32489541 3.52622087 1.56722311
 1.57265373 1.6906201  1.59205335 1.757633   1.63822468 1.65502885
 1.20871174 1.75568774]",0.7968374943489641,0,>>graph6<<HmzffJz
52,9,statevector,gaussian,multiangle,COBYLA,True,1,False,5000,1e-08,2,63.45307278633118,5000,1.0,"[1, 1, 1, 0, 0, 0, 0, 0, 0]",11.0,"[1.0, 1.0, 1.0, 0, 0, 0, 0, 0, 0]",11.0,"[4.72337106 4.71386442 1.60120552 4.71027756 4.71112206 4.71534748
 4.71790361 1.57570332 4.50613658 3.1510792  3.14807185 4.71214151
 3.13913206 3.14185305 4.7114575  3.14119541 3.14160532 3.13833533
 3.14175244 3.14068062 3.13920207 4.71438057 3.14081929 3.14074474
 3.14205748 1.57231898 1.57132232 1.58700048 1.58726477 1.6225564
 1.57304054 1.59263911 1.57053112 1.57051983]",0.6506610848275804,0,>>graph6<<HmzffJz
53,9,statevector,gaussian,multiangle,COBYLA,True,1,False,5000,1e-08,2,44.95803380012512,5000,1.0,"[1, 1, 0, 1, 0, 1, 1, 0, 0]",8.0,"[1.0, 1.0, 0, 1.0, 0, 1.0, 1.0, 0, 0]",8.0,"[5.07128553 4.71248846 4.47392901 4.70847144 4.71649046 4.70813493
 1.56882137 4.71226466 4.71317017 3.1415416  1.57356852 3.14201774
 4.7217138  4.72072255 0.28140895 1.57957256 1.57050507 1.57074606
 1.57044778 1.57046285 1.58453844 1.57051043 0.00904492]",0.6253269859260535,0,>>graph6<<Hh_iS_u
54,9,statevector,gaussian,multiangle,COBYLA,False,2,False,5000,1e-08,2,57.68890404701233,5000,0.8125,"[1, 1, 0, 0, 0, 1, 0, 1, 1]",6.5,"[1.0, 1.0, 0, 1.0, 0, 1.0, 1.0, 0, 0]",8.0,"[4.7123969  4.60987574 3.50899987 3.14164297 3.29459358 3.14161225
 4.52160368 4.70417489 3.14167667 3.141612   3.5178627  2.77414775
 3.14158935 2.98858014 1.57079194 1.76156188 3.13291729 1.57085432
 1.38361738 1.66108821 1.85113121 2.47234554 1.41915324 4.30376856
 2.69055265 3.52439399 3.0727903  3.08313972 3.264146   3.545389
 2.98292421 2.98407457 2.97929391 3.2833324  4.51347566 3.14165897
 4.31713271 1.30754047 1.30751034 1.37180911 2.54037624 1.50470838
 3.09652921 1.60125086 1.59810931 1.40284759]",7.299236256920282e-24,0,>>graph6<<Hh_iS_u
55,6,statevector,gaussian,multiangle,COBYLA,True,2,False,5000,1e-08,2,54.08891701698303,5000,1.0,"[0, 1, 1, 0, 0, 0]",4.75,"[0, 1.0, 1.0, 0, 0, 0]",4.75,"[4.39380482 5.05928688 3.13354607 3.16788189 1.87256926 4.75347567
 3.76844479 2.38722621 4.69798742 4.75675922 1.81378736 2.4240315
 1.54766887 1.57156172 1.58792931 1.65982475 3.06967108 3.14458234
 4.85890443 3.02379667 3.20456923 3.13414289 3.15431005 3.12470866
 3.11012895 2.7414836  1.92703115 1.57070462 1.07590405 1.93347755
 1.45738596 3.14918304]",0.8993546598107592,0,>>graph6<<Emz_
56,6,statevector,gaussian,vanilla,COBYLA,False,1,False,5000,1e-08,2,0.45925450325012207,140,1.0,"[0, 1, 1, 0, 0, 0]",4.75,"[0, 1.0, 1.0, 0, 0, 0]",4.75,[2.80669847 0.85635236],0.13532000673951416,0,>>graph6<<Emz_
57,9,statevector,gaussian,vanilla,COBYLA,False,1,False,5000,1e-08,2,0.7629003524780273,90,1.0,"[1, 1, 1, 0, 0, 0, 0, 0, 0]",11.0,"[1.0, 1.0, 1.0, 0, 0, 0, 0, 0, 0]",11.0,[4.40681943 0.59440887],0.03377668179914932,0,>>graph6<<HmzffJz
58,9,statevector,gaussian,vanilla,COBYLA,False,1,False,5000,1e-08,2,0.49192357063293457,108,1.0,"[1, 1, 0, 1, 0, 1, 1, 0, 0]",8.0,"[1.0, 1.0, 0, 1.0, 0, 1.0, 1.0, 0, 0]",8.0,[4.33395659 0.87688735],0.0696111568796596,0,>>graph6<<Hh_iS_u
59,6,statevector,gaussian,vanilla,COBYLA,True,1,False,5000,1e-08,2,0.37305259704589844,86,0.8947368421052632,"[1, 1, 1, 0, 0, 0]",4.25,"[0, 1.0, 1.0, 0, 0, 0]",4.75,[2.91740956 3.37794174],0.05431554972992555,0,>>graph6<<Emz_
60,9,statevector,gaussian,multiangle,COBYLA,False,2,False,5000,1e-08,2,96.18903756141663,5000,1.0,"[1, 1, 1, 0, 0, 0, 0, 0, 0]",11.0,"[1.0, 1.0, 1.0, 0, 0, 0, 0, 0, 0]",11.0,"[4.30463278 4.71238931 4.71238883 5.45218534 4.71238906 3.1415921
 3.33199799 4.02071748 3.14159275 2.73383675 3.14159258 3.14159254
 2.31059194 4.71238846 3.1415928  2.95118755 4.02071749 3.14159331
 3.40682304 1.44917908 3.8643113  1.89945365 4.52555013 2.77337103
 4.46258735 1.49843183 0.21401386 2.11782538 2.51072148 1.5325027
 1.21766534 1.50173699 0.9543088  1.92842651 2.80513527 3.08409928
 2.57703758 3.44952706 3.59341766 2.17301134 2.79557673 2.44161792
 2.63238368 3.7143398  3.67591522 3.14159277 2.62921396 2.92572906
 3.14159263 2.67849629 3.14159092 3.03540386 4.24520803 3.1415838
 2.65588911 4.17642788 3.30375115 3.52195593 3.80786127 1.44116084
 1.55771716 1.7906877  2.23706671 1.98831884 1.17081558 1.64629513
 1.52889299 1.25908626]",0.9999999999916762,0,>>graph6<<HmzffJz
61,12,statevector,gaussian,vanilla,COBYLA,False,1,False,5000,1e-08,2,1.5673909187316895,103,0.6794871794871795,"[1, 1, 0, 1, 1, 0, 1, 0, 0, 0, 0, 0]",13.25,"[0, 1.0, 1.0, 1.0, 0, 1.0, 0, 0, 1.0, 0, 0, 1.0]",19.5,[5.14566264 3.84334303],0.00206730507375832,0,>>graph6<<KmzffJznl{hU
62,9,statevector,gaussian,vanilla,COBYLA,True,1,False,5000,1e-08,2,0.7238850593566895,76,1.0,"[1, 1, 1, 0, 0, 0, 0, 0, 0]",11.0,"[1.0, 1.0, 1.0, 0, 0, 0, 0, 0, 0]",11.0,[3.44684553 0.64374534],0.10362867496295565,0,>>graph6<<HmzffJz
63,12,statevector,gaussian,vanilla,COBYLA,True,1,False,5000,1e-08,2,1.3129971027374268,70,1.0,"[0, 1, 1, 1, 0, 1, 0, 0, 1, 0, 0, 1]",19.5,"[0, 1.0, 1.0, 1.0, 0, 1.0, 0, 0, 1.0, 0, 0, 1.0]",19.5,[3.29124812 2.58105475],0.01349807410640698,0,>>graph6<<KmzffJznl{hU
64,9,statevector,gaussian,vanilla,COBYLA,True,1,False,5000,1e-08,2,0.47264599800109863,71,1.0,"[1, 1, 0, 1, 0, 1, 1, 0, 0]",8.0,"[1.0, 1.0, 0, 1.0, 0, 1.0, 1.0, 0, 0]",8.0,[3.51364335 0.91505255],0.17885707935996972,0,>>graph6<<Hh_iS_u
65,6,statevector,gaussian,vanilla,COBYLA,False,2,False,5000,1e-08,2,1.5739037990570068,308,1.0,"[0, 1, 1, 0, 0, 0]",4.75,"[0, 1.0, 1.0, 0, 0, 0]",4.75,[4.13273651 2.4769653  5.07769741 2.06828373],0.18043523076270193,0,>>graph6<<Emz_
66,9,statevector,gaussian,vanilla,COBYLA,False,2,False,5000,1e-08,2,1.9712810516357422,158,0.8181818181818182,"[1, 1, 0, 0, 1, 0, 0, 0, 0]",9.0,"[1.0, 1.0, 1.0, 0, 0, 0, 0, 0, 0]",11.0,[4.28011875 1.86971527 3.05909765 2.67519883],0.027783135607162154,0,>>graph6<<HmzffJz
67,9,statevector,gaussian,vanilla,COBYLA,False,2,False,5000,1e-08,2,13.959158420562744,1719,0.625,"[1, 1, 1, 1, 0, 1, 0, 0, 0]",5.0,"[1.0, 1.0, 0, 1.0, 0, 1.0, 1.0, 0, 0]",8.0,[4.56914122 2.0171577  3.19793728 2.03885333],0.01361339295631367,0,>>graph6<<Hh_iS_u
68,6,statevector,gaussian,vanilla,COBYLA,True,2,False,5000,1e-08,2,2.9314680099487305,394,0.8947368421052632,"[0, 1, 1, 1, 0, 0]",4.25,"[0, 1.0, 1.0, 0, 0, 0]",4.75,[4.23614941 1.55601343 3.49680789 0.81691179],0.03645306548993876,0,>>graph6<<Emz_
69,9,statevector,gaussian,vanilla,COBYLA,True,2,False,5000,1e-08,2,3.840883731842041,267,0.8863636363636364,"[0, 0, 0, 0, 0, 1, 1, 1, 1]",9.75,"[1.0, 1.0, 1.0, 0, 0, 0, 0, 0, 0]",11.0,[2.92281419 1.38238687 3.72482739 1.63401454],0.000447612445572064,0,>>graph6<<HmzffJz
70,12,statevector,gaussian,multiangle,COBYLA,False,2,False,5000,1e-08,2,227.94469738006592,5000,1.0,"[0, 1, 1, 1, 0, 1, 0, 0, 1, 0, 0, 1]",19.5,"[0, 1.0, 1.0, 1.0, 0, 1.0, 0, 0, 1.0, 0, 0, 1.0]",19.5,"[3.14168261 4.71623462 4.11106285 4.71259045 4.71267277 4.7124889
 4.71214759 4.49181022 3.14163527 3.14153952 4.71240458 3.141694
 3.14173445 3.1375424  2.17228792 3.14123053 3.14132566 3.14163764
 4.71259046 3.36198049 3.14135739 3.14160578 3.14163205 3.14134223
 4.36782558 0.90985583 3.73196833 2.5976968  2.73780998 2.16915093
 3.85707443 3.86650654 3.66822752 5.84493021 4.3781921  3.38691393
 0.95669716 4.26923415 1.77923256 2.33202248 4.55269263 0.85087625
 3.46352524 4.25879436 0.23438511 1.4138534  1.20347171 2.21173688
 0.30522327 0.72600267 0.43389226 0.73143831 2.70642813 2.39738785
 1.23070695 2.30421103 3.27647658 1.14116554 3.43186787 2.59311193
 1.86308562 3.39147499 1.69560654 3.30694684 2.92497322 2.79189902
 4.10931248 2.23290929 3.00551659 4.04372149 3.75125975 2.57933027
 3.14052143 4.27864366 3.65929644 3.56206941 3.11605235 3.74748214
 4.6155571  3.74322562 4.6513307  3.88975455 3.01948073 3.9966692
 2.69590342 2.01138436 2.30589488 2.81031014 5.27329472 2.12328367
 3.29769947 4.47541374 2.32817385 4.1468545  4.15641706 4.83136756
 4.01184831 3.39899187 3.2485312  1.60970922 1.80027721 1.70209509
 2.24363837 2.07792077 1.43772882 2.28305942 1.72924111 1.55840859
 1.67586045 1.71376914 1.530729   1.27640188]",0.9999985102598438,0,>>graph6<<KmzffJznl{hU
71,12,statevector,gaussian,multiangle,COBYLA,True,1,False,5000,1e-08,2,144.44631719589233,5000,1.0,"[0, 1, 1, 1, 0, 1, 0, 0, 1, 0, 0, 1]",19.5,"[0, 1.0, 1.0, 1.0, 0, 1.0, 0, 0, 1.0, 0, 0, 1.0]",19.5,"[4.71243135e+00 4.71376320e+00 4.69288298e+00 4.71206778e+00
 4.71613846e+00 4.71301714e+00 4.71254436e+00 4.71379442e+00
 1.57302400e+00 4.71179527e+00 1.57228844e+00 4.71200497e+00
 4.71338972e+00 3.14158368e+00 3.14141329e+00 3.14278212e+00
 3.14283782e+00 4.71226847e+00 3.14217410e+00 4.71902178e+00
 4.71301747e+00 3.14142708e+00 3.14150644e+00 3.14161946e+00
 3.14137514e+00 3.14170498e+00 3.14142049e+00 3.14131782e+00
 3.14165682e+00 3.14156003e+00 3.14140360e+00 3.14175517e+00
 3.14181901e+00 3.14128244e+00 3.14149179e+00 3.14223716e+00
 3.14194084e+00 3.14185936e+00 4.71349087e+00 3.14103547e+00
 3.14160773e+00 3.14164791e+00 3.14182150e+00 3.14173758e+00
 1.57113099e+00 1.57087051e+00 1.57032499e+00 1.57109895e+00
 1.57123275e+00 1.57100607e+00 1.57036730e+00 1.57125566e+00
 1.57090686e+00 1.57025450e+00 1.57078829e+00 1.29851320e-04]",0.5728029845291651,0,>>graph6<<KmzffJznl{hU
72,9,statevector,gaussian,multiangle,COBYLA,True,2,False,5000,1e-08,2,81.38458633422852,5000,1.0,"[1, 1, 0, 1, 0, 1, 1, 0, 0]",8.0,"[1.0, 1.0, 0, 1.0, 0, 1.0, 1.0, 0, 0]",8.0,"[2.89933086 4.21145025 3.47932548 4.93094085 4.73370783 4.57579583
 3.33060553 3.10893361 4.7986959  4.51329665 3.78275753 4.61883897
 2.61071967 2.55107367 2.3152482  1.65468833 1.53546764 2.81544088
 1.57018932 1.60851863 1.61301968 1.55091696 1.53168022 2.37113797
 3.14427487 3.10783104 3.08263256 2.95743203 3.07216884 2.89291005
 3.1640133  3.14514564 4.71054766 3.77848381 4.10922406 4.77582473
 3.25639427 1.94560094 1.56897733 1.65683632 1.75429073 1.92287612
 1.75842974 1.8246615  1.35985394 1.53254271]",0.7459968851187257,0,>>graph6<<Hh_iS_u
73,12,statevector,gaussian,vanilla,COBYLA,False,2,False,5000,1e-08,2,16.699475288391113,711,0.8076923076923077,"[0, 1, 0, 1, 0, 0, 0, 1, 1, 0, 1, 0]",15.75,"[0, 1.0, 1.0, 1.0, 0, 1.0, 0, 0, 1.0, 0, 0, 1.0]",19.5,[2.94522107 2.69376037 4.52686535 1.05776988],0.0001579219645817052,0,>>graph6<<KmzffJznl{hU
74,12,statevector,gaussian,vanilla,COBYLA,True,2,False,5000,1e-08,2,21.08179545402527,679,0.9487179487179487,"[1, 0, 0, 0, 0, 0, 0, 1, 1, 1, 1, 0]",18.5,"[0, 1.0, 1.0, 1.0, 0, 1.0, 0, 0, 1.0, 0, 0, 1.0]",19.5,[3.71970578 1.44201275 2.64182724 0.53084812],0.00752998382143376,0,>>graph6<<KmzffJznl{hU
75,9,statevector,gaussian,vanilla,COBYLA,True,2,False,5000,1e-08,2,25.61544156074524,2139,0.9375,"[1, 0, 1, 0, 1, 0, 0, 1, 1]",7.5,"[1.0, 1.0, 0, 1.0, 0, 1.0, 1.0, 0, 0]",8.0,[4.59335671 2.97960844 5.80710291 1.29403871],0.04450007394515914,0,>>graph6<<Hh_iS_u
76,6,statevector,gaussian,multiangle,COBYLA,False,1,False,5000,1e-08,2,2.319645404815674,496,1.0,"[0, 1, 1, 0, 0, 0]",4.75,"[0, 1.0, 1.0, 0, 0, 0]",4.75,"[6.2831853  4.71238899 4.71238899 3.14159266 3.14159265 3.14159265
 2.81242266 2.67975096 3.86217863 3.29839856 1.54716431 1.93612089
 0.98960224 1.30340464 1.485349   1.4789284 ]",0.9999999999999996,0,>>graph6<<Emz_
77,9,statevector,gaussian,multiangle,COBYLA,False,1,False,5000,1e-08,2,17.09165668487549,1553,1.0,"[1, 1, 1, 0, 0, 0, 0, 0, 0]",11.0,"[1.0, 1.0, 1.0, 0, 0, 0, 0, 0, 0]",11.0,"[4.71238898 4.712389   4.71238898 3.14159268 3.14159265 3.14159264
 3.14159265 3.14159268 3.14159236 4.90194551 4.00042587 3.2996848
 4.5998262  4.59884592 4.46812797 3.15199056 2.67047916 3.9854937
 2.85097624 3.09823311 4.8364301  4.62552247 4.41148748 3.5147117
 1.87897058 0.98990546 0.83547022 3.19333107 0.61479791 1.68776846
 2.12503482 0.8921765  0.78179139 0.59168718]",0.999999999999909,0,>>graph6<<HmzffJz
78,9,statevector,gaussian,multiangle,COBYLA,False,1,False,5000,1e-08,2,5.572447299957275,863,0.96875,"[0, 1, 1, 1, 0, 1, 1, 0, 0]",7.75,"[1.0, 1.0, 0, 1.0, 0, 1.0, 1.0, 0, 0]",8.0,"[3.14159263 4.71238899 4.71238889 4.71238898 3.14159267 1.57079634
 4.71238897 3.14159265 3.14159264 3.54199863 4.48719962 2.54894616
 4.60311267 2.73720837 1.11974331 2.22747409 1.78673916 1.67138167
 2.33216101 0.92508941 2.30540136 1.62001678 1.39975015]",4.41827741312229e-30,0,>>graph6<<Hh_iS_u
79,6,statevector,gaussian,multiangle,COBYLA,True,1,False,5000,1e-08,2,9.341166257858276,1534,1.0,"[0, 1, 1, 0, 0, 0]",4.75,"[0, 1.0, 1.0, 0, 0, 0]",4.75,"[1.57079635e+00 4.71238902e+00 1.57079640e+00 4.71238862e+00
 4.71238894e+00 4.71238886e+00 4.71238899e+00 3.14159264e+00
 3.14159269e+00 3.14159265e+00 1.57079632e+00 2.32559318e-08
 1.57079635e+00 3.14159265e+00 1.57079638e+00 1.57079631e+00]",0.7568673903430702,0,>>graph6<<Emz_
80,12,statevector,gaussian,multiangle,COBYLA,True,2,False,5000,1e-08,2,280.6936571598053,5000,1.0,"[0, 1, 1, 1, 0, 1, 0, 0, 1, 0, 0, 1]",19.5,"[0, 1.0, 1.0, 1.0, 0, 1.0, 0, 0, 1.0, 0, 0, 1.0]",19.5,"[3.21408375 4.68498992 4.82587482 3.17550572 3.17048116 4.87452097
 3.13030898 3.04106188 2.95516836 3.32189445 3.07521951 4.3201095
 1.67778815 3.17748016 3.71714124 4.65218865 4.69124136 3.86698811
 4.56099703 1.68779066 4.55628965 4.71497321 1.89874524 3.89966683
 3.13173805 3.17883239 3.20713194 3.13970258 3.01660075 3.18078385
 3.15358188 3.18590582 3.14858481 3.09293426 3.08506065 3.22396146
 3.34544478 3.13754693 3.19227668 3.19484958 3.16348135 3.69692165
 3.10839296 3.04428193 1.60834634 1.56509598 1.12315231 1.39609854
 1.55646441 1.72509555 1.43073193 2.09616787 1.56898335 1.53380199
 1.78824398 1.54874395 2.93222935 3.12557686 3.23191747 3.14623144
 3.24775314 3.14350265 3.27148345 3.17566677 3.19046231 3.15793392
 3.14935018 3.16769355 3.15489309 3.08709606 4.57865227 3.16346688
 1.86211959 4.62416934 3.11005946 3.12002652 3.38116294 3.23843046
 3.26243267 2.95820718 2.9425063  3.13570978 2.90968718 3.05226802
 2.77857217 2.57700743 3.20212269 3.24808634 4.4255095  3.15675991
 3.596026   3.31286584 2.93051135 2.98359172 3.29633225 2.61946632
 3.50864552 3.20819329 2.91792391 3.23974963 1.78638751 1.60335606
 1.50539386 1.54648847 2.91797941 1.51368824 1.4315567  1.54077062
 1.53379068 1.56328007 1.56642865 3.03488843]",0.6674384168081904,0,>>graph6<<KmzffJznl{hU
81,9,statevector,gaussian,multiangle,COBYLA,True,2,False,5000,1e-08,2,118.20959210395813,5000,1.0,"[1, 1, 1, 0, 0, 0, 0, 0, 0]",11.0,"[1.0, 1.0, 1.0, 0, 0, 0, 0, 0, 0]",11.0,"[3.02309971 3.94988448 4.64187437 4.37577496 4.61427337 3.22292685
 4.76031738 1.71034791 2.07682169 4.76923466 1.45460965 2.51484087
 3.64468468 3.77005153 4.67844318 3.80888956 2.6408596  3.6928134
 3.16954139 3.14498628 3.13382429 3.09580428 3.08132991 3.1220831
 3.21534938 1.55599433 1.53579994 1.51504747 1.54792872 1.57704854
 1.5980403  1.17238124 1.58961864 1.47888166 3.11229674 3.16339633
 4.71002074 3.09586056 3.12544875 3.11621481 2.99394516 3.14475367
 3.19655109 2.97413619 1.58100491 3.32414093 3.44188205 3.42012428
 3.14832898 4.31486757 4.84322479 3.30881571 3.32599098 3.15868282
 3.10369051 3.13049816 3.52347468 3.06913615 3.3765301  1.64678134
 1.55013527 1.58422222 1.74929341 0.04684476 1.6353823  1.67976124
 1.58944343 1.10652181]",0.8699605682084812,0,>>graph6<<HmzffJz
82,12,statevector,gaussian,multiangle,COBYLA,False,1,False,5000,1e-08,2,48.2067437171936,2022,1.0,"[0, 1, 1, 1, 0, 1, 0, 0, 1, 0, 0, 1]",19.5,"[0, 1.0, 1.0, 1.0, 0, 1.0, 0, 0, 1.0, 0, 0, 1.0]",19.5,"[6.28318526 4.71238896 3.14159278 4.71238894 4.71238892 4.71238896
 3.14159263 4.71238893 3.14159267 3.14159264 4.712389   3.14159265
 2.11118011 3.0021298  2.47870622 2.95173531 2.9201687  2.08886419
 3.25393131 2.78754836 3.62806102 2.30948162 2.3476745  3.23489241
 2.5273011  1.69884356 2.46257348 2.6897857  2.40778646 2.3049003
 3.17335213 3.2588158  2.46437035 3.18189571 3.49216823 3.16404513
 2.9505129  3.64829867 2.58383707 3.71969973 3.14991506 3.35880489
 2.23827959 3.79764463 2.07356072 2.76895789 1.61641725 1.99414023
 1.40361845 2.13711993 1.47772251 0.74318811 1.3840072  0.32954402
 2.27186605 1.40167408]",0.9999999999999722,0,>>graph6<<KmzffJznl{hU
83,9,statevector,gaussian,multiangle,COBYLA,True,1,False,5000,1e-08,2,64.31801080703735,5000,1.0,"[1, 1, 1, 0, 0, 0, 0, 0, 0]",11.0,"[1.0, 1.0, 1.0, 0, 0, 0, 0, 0, 0]",11.0,"[4.72450382 1.57241685 4.7457763  4.70988115 4.71068538 4.71548308
 4.71825374 1.5760003  4.48691884 3.15185159 3.14868993 3.14136232
 3.13894026 3.14188273 4.71134979 3.14115017 3.14163844 3.13820814
 3.1418395  3.140694   3.13910329 3.14362742 3.14079392 3.14067163
 3.14204378 1.57241005 1.57138164 1.588652   0.01798249 1.6268856
 1.57336946 1.59445198 3.14129974 1.57040918]",0.6491564777377933,0,>>graph6<<HmzffJz
84,9,statevector,gaussian,multiangle,COBYLA,True,1,False,5000,1e-08,2,45.19541263580322,5000,1.0,"[1, 1, 0, 1, 0, 1, 1, 0, 0]",8.0,"[1.0, 1.0, 0, 1.0, 0, 1.0, 1.0, 0, 0]",8.0,"[5.06047549 4.71276299 4.48327307 1.56701784 4.71637812 4.70812214
 1.56900822 4.71186651 4.71339697 3.1414718  1.57347011 4.71265437
 3.1507444  3.14973493 1.84391056 1.57946785 1.57057912 1.57081587
 1.57032386 1.57057455 1.58434744 1.57054573 0.00889142]",0.6271446678278505,0,>>graph6<<Hh_iS_u
85,6,statevector,gaussian,multiangle,COBYLA,False,2,False,5000,1e-08,2,24.48574948310852,3061,1.0,"[1, 0, 0, 1, 1, 1]",4.75,"[0, 1.0, 1.0, 0, 0, 0]",4.75,"[4.71238853 3.14159265 3.3966423  4.33910156 3.14159269 3.14159265
 3.14159313 3.14159265 3.3966423  3.51488008 1.57079631 1.57079633
 1.40380318 1.50650782 1.6055378  1.76563366 2.75546437 2.50119271
 3.20280439 3.76597211 3.25548138 2.28060777 4.90598518 3.32921178
 2.94093502 3.26464854 1.82606305 1.77145394 1.64998437 2.61226284
 1.42843116 1.6160503 ]",0.9999999999999196,0,>>graph6<<Emz_
86,9,statevector,gaussian,multiangle,COBYLA,False,2,False,5000,1e-08,2,60.8075213432312,5000,1.0,"[1, 1, 0, 1, 0, 1, 1, 0, 0]",8.0,"[1.0, 1.0, 0, 1.0, 0, 1.0, 1.0, 0, 0]",8.0,"[4.71239185 4.71238831 3.14062554 4.14016013 3.14159715 3.14159459
 4.24980283 3.87799964 4.26095922 3.14160439 3.14159613 3.14254289
 3.71383326 3.14159466 1.57080059 2.67900232 2.40519384 2.02223413
 1.33673781 1.37803994 1.81584263 2.71555719 3.06295685 3.0630939
 2.954915   3.37481115 3.10311687 3.06819865 2.41842069 2.73620923
 3.93133122 3.40042126 3.14159156 4.7123844  3.66770454 3.18703649
 3.66770198 1.52068532 1.57079675 2.00521574 2.00521825 1.89148347
 3.14159005 1.89149581 0.92252787 1.96602116]",0.9999999657362874,0,>>graph6<<Hh_iS_u
87,6,statevector,gaussian,vanilla,COBYLA,False,1,False,5000,1e-08,2,0.4560420513153076,127,1.0,"[0, 1, 1, 0, 0, 0]",4.75,"[0, 1.0, 1.0, 0, 0, 0]",4.75,[4.37749479 0.85635244],0.13532001222369988,0,>>graph6<<Emz_
88,9,statevector,gaussian,vanilla,COBYLA,False,1,False,5000,1e-08,2,0.6576862335205078,92,1.0,"[1, 1, 1, 0, 0, 0, 0, 0, 0]",11.0,"[1.0, 1.0, 1.0, 0, 0, 0, 0, 0, 0]",11.0,[2.8360231 0.5944089],0.03377668362190938,0,>>graph6<<HmzffJz
89,12,statevector,gaussian,vanilla,COBYLA,False,1,False,5000,1e-08,2,1.2142295837402344,75,0.6410256410256411,"[1, 0, 1, 0, 0, 1, 1, 0, 0, 0, 1, 0]",12.5,"[0, 1.0, 1.0, 1.0, 0, 1.0, 0, 0, 1.0, 0, 0, 1.0]",19.5,[4.35613965 2.45775766],0.00016452963699154324,0,>>graph6<<KmzffJznl{hU
90,9,statevector,gaussian,multiangle,COBYLA,False,2,False,5000,1e-08,2,96.93166017532349,5000,1.0,"[1, 1, 1, 0, 0, 0, 0, 0, 0]",11.0,"[1.0, 1.0, 1.0, 0, 0, 0, 0, 0, 0]",11.0,"[ 4.25431155  4.0155674   4.2994697   4.71196713  4.71234459  3.14156088
  3.1416116   4.71233096  3.14152407  3.59967547  3.83841957  3.55453738
  4.71188721  4.71245389  3.14160218  3.14156479  4.71246894  3.14182758
  3.87969742  3.58020526  2.54713756  3.14355498  2.92984484  3.36638622
  1.48528829  2.58771397  1.96323032  0.1969084   1.2547163   1.24963907
  0.30030675 -0.28110236  1.75792303  0.46221218  2.46544305  3.84711905
  5.01190304  3.5929148   3.17802037  1.33527827  3.16527783  3.89030244
  3.19771448  2.49484814  2.82432657  2.18463702  3.24238063  3.15768127
  2.83544025  3.67844475  4.15612061  3.11237498  3.10397206  4.20022367
  2.821655    3.43112095  3.29152862  3.17364517  2.98932506  1.57081413
  1.57080589  1.67777077  2.9578296   2.02071463  1.47226362  1.65890062
  2.22955247  2.66826703]",0.9999998791046462,0,>>graph6<<HmzffJz
91,6,statevector,gaussian,multiangle,COBYLA,True,2,False,5000,1e-08,2,52.90658211708069,5000,1.0,"[0, 1, 1, 0, 0, 0]",4.75,"[0, 1.0, 1.0, 0, 0, 0]",4.75,"[1.88843481 4.36915442 3.27047068 4.26257761 2.82862957 2.96583042
 4.07746671 2.25244569 4.62645159 3.86067668 1.72298375 1.66631836
 1.53392285 3.12125531 2.23563193 1.55492845 3.17179505 2.97237874
 4.68184614 3.1724356  3.23744967 3.04857394 3.19081213 3.15599909
 2.54064171 3.1787139  1.49979348 1.77288245 0.07644156 1.49706099
 1.26562982 1.87671883]",0.8859923746436135,0,>>graph6<<Emz_
92,9,statevector,gaussian,vanilla,COBYLA,False,1,False,5000,1e-08,2,0.4275662899017334,73,1.0,"[1, 1, 0, 1, 0, 1, 1, 0, 0]",8.0,"[1.0, 1.0, 0, 1.0, 0, 1.0, 1.0, 0, 0]",8.0,[4.3339566  0.87688734],0.06961115493479257,0,>>graph6<<Hh_iS_u
93,6,statevector,gaussian,vanilla,COBYLA,True,1,False,5000,1e-08,2,0.39358997344970703,87,0.8947368421052632,"[1, 1, 1, 0, 0, 0]",4.25,"[0, 1.0, 1.0, 0, 0, 0]",4.75,[2.91740954 3.37794166],0.05431554147006691,0,>>graph6<<Emz_
94,9,statevector,gaussian,vanilla,COBYLA,True,1,False,5000,1e-08,2,0.6613726615905762,66,0.9318181818181818,"[1, 1, 1, 0, 1, 0, 0, 0, 0]",10.25,"[1.0, 1.0, 1.0, 0, 0, 0, 0, 0, 0]",11.0,[3.01459488 2.12430909],0.024052943881897864,0,>>graph6<<HmzffJz
95,12,statevector,gaussian,vanilla,COBYLA,True,1,False,5000,1e-08,2,1.529200792312622,85,1.0,"[0, 1, 1, 1, 0, 1, 0, 0, 1, 0, 0, 1]",19.5,"[0, 1.0, 1.0, 1.0, 0, 1.0, 0, 0, 1.0, 0, 0, 1.0]",19.5,[3.29124812 2.58105473],0.01349807392402141,0,>>graph6<<KmzffJznl{hU
96,9,statevector,gaussian,vanilla,COBYLA,True,1,False,5000,1e-08,2,1.037402629852295,148,1.0,"[0, 0, 1, 0, 1, 0, 0, 1, 1]",8.0,"[1.0, 1.0, 0, 1.0, 0, 1.0, 1.0, 0, 0]",8.0,[4.87455556 0.26030201],0.6518605043200668,0,>>graph6<<Hh_iS_u
97,6,statevector,gaussian,vanilla,COBYLA,False,2,False,5000,1e-08,2,13.5890793800354,2438,1.0,"[0, 1, 1, 0, 0, 0]",4.75,"[0, 1.0, 1.0, 0, 0, 0]",4.75,[4.27066265 2.87443113 0.71466791 1.36836976],0.36991086610143226,0,>>graph6<<Emz_
98,9,statevector,gaussian,vanilla,COBYLA,False,2,False,5000,1e-08,2,1.4431638717651367,148,0.8181818181818182,"[1, 1, 0, 0, 1, 0, 0, 0, 0]",9.0,"[1.0, 1.0, 1.0, 0, 0, 0, 0, 0, 0]",11.0,[2.70932244 1.8697153  3.05909768 2.67519887],0.027783137784549557,0,>>graph6<<HmzffJz
99,12,statevector,gaussian,vanilla,COBYLA,False,2,False,5000,1e-08,2,9.692090511322021,411,0.8333333333333334,"[0, 0, 0, 1, 1, 0, 1, 1, 0, 1, 0, 0]",16.25,"[0, 1.0, 1.0, 1.0, 0, 1.0, 0, 0, 1.0, 0, 0, 1.0]",19.5,[4.44313508 2.15115098 3.7959629  3.30060193],0.0006503286465422227,0,>>graph6<<KmzffJznl{hU
100,12,statevector,gaussian,multiangle,COBYLA,False,2,False,5000,1e-08,2,241.6227855682373,5000,1.0,"[0, 1, 1, 1, 0, 1, 0, 0, 1, 0, 0, 1]",19.5,"[0, 1.0, 1.0, 1.0, 0, 1.0, 0, 0, 1.0, 0, 0, 1.0]",19.5,"[  4.47505975   4.89350214   4.42420317   4.67308665   4.36578849
   4.70630568   3.99820006   4.22504132   3.14586167   3.1393803
   4.72474804   3.14299573   4.48099605   2.96370813   1.8625542
   3.18648777   2.79212747   3.14407208   2.28681347   3.63065232
   3.13653791   3.14377761   3.15718102   3.13906281  -3.0556476
  -3.60001857   2.78443279  14.24647164   7.8620352   -0.24610153
  -8.09956124   7.72076439  -3.96269349  13.00603215  -8.18885488
  -5.56427697  -8.92165574   1.73307976  -3.31662189  -4.08938972
  -2.06780623   6.23835365   9.73703919   6.44378098  -5.34591965
   8.35522618   5.14542549  12.20968559   2.55512895  -0.13181034
  -1.83708118   7.65046821   8.86958127  -0.40604003  -1.23326891
  -2.69627981   5.87304698   9.05738364 -10.14859457  -0.18041056
   2.90277296   3.60221755   7.17139392  10.49678589   7.41049655
   2.50263619   1.28634506   2.83436861   2.9764065    3.86283789
   2.45525525   1.53862512   3.15832371   3.14157895   2.63618318
   3.15934069   3.14034113   2.63595775   4.28789202   2.79978107
   2.74385864   2.89186646   2.74248359   2.93069813   2.25706481
   2.96011282   3.09325389   3.17690755   3.62149122   3.21539447
   2.83400987   3.01503787   2.79175179   4.39524413   3.28121323
   3.84772803   3.26257271   3.10561868   3.14259724   3.13443062
   1.56980636   1.372196     1.87245582   1.73190452   1.42014057
   1.55204449   1.56991209   1.4346889    1.66158709   1.61047492
   1.40972185   1.49346616]",0.9993803681809987,0,>>graph6<<KmzffJznl{hU
101,12,statevector,gaussian,multiangle,COBYLA,True,1,False,5000,1e-08,2,143.39209628105164,5000,1.0,"[0, 1, 1, 1, 0, 1, 0, 0, 1, 0, 0, 1]",19.5,"[0, 1.0, 1.0, 1.0, 0, 1.0, 0, 0, 1.0, 0, 0, 1.0]",19.5,"[4.71401944 4.70818424 1.5768165  4.658934   4.71826528 4.71085235
 4.71706185 4.70573806 1.61918547 4.70650302 4.71813897 4.71663097
 3.13703569 3.1412513  4.71391937 3.14082514 3.1407133  3.14036656
 3.14126785 4.71637561 4.71149307 3.14204281 3.14347161 3.13901302
 1.56828275 3.1415996  3.14095554 3.141131   3.13971463 3.14257414
 3.13969739 3.14186778 3.14202477 3.14279637 3.14273796 1.56944022
 3.14159944 3.14008973 3.14345845 3.1375616  3.13971242 3.14136471
 3.14010668 3.14248041 1.57157492 1.56919276 3.11506526 1.57198271
 1.56921471 1.56992715 1.5712672  1.57351169 1.56811039 1.57135969
 1.56783498 1.57005577]",0.5723232577045113,0,>>graph6<<KmzffJznl{hU
102,9,statevector,gaussian,vanilla,COBYLA,False,2,False,5000,1e-08,2,27.872456550598145,3648,0.625,"[1, 1, 1, 1, 0, 1, 0, 0, 0]",5.0,"[1.0, 1.0, 0, 1.0, 0, 1.0, 1.0, 0, 0]",8.0,[4.31933466 2.38785134 5.18262189 0.38684904],0.004216007738403665,0,>>graph6<<Hh_iS_u
103,6,statevector,gaussian,vanilla,COBYLA,True,2,False,5000,1e-08,2,36.23940134048462,5000,1.0,"[1, 0, 0, 1, 1, 1]",4.75,"[0, 1.0, 1.0, 0, 0, 0]",4.75,[ 4.50585838  0.25796635 -0.0111119   0.41232608],0.8834034411978223,0,>>graph6<<Emz_
104,9,statevector,gaussian,vanilla,COBYLA,True,2,False,5000,1e-08,2,2.8080596923828125,190,0.9090909090909091,"[0, 0, 0, 1, 1, 1, 1, 0, 1]",10.0,"[1.0, 1.0, 1.0, 0, 0, 0, 0, 0, 0]",11.0,[3.70371854 1.48389166 3.26904883 0.71950751],0.028084218958987932,0,>>graph6<<HmzffJz
105,12,statevector,gaussian,vanilla,COBYLA,True,2,False,5000,1e-08,2,36.4469256401062,1137,1.0,"[0, 1, 1, 1, 0, 1, 0, 0, 1, 0, 0, 1]",19.5,"[0, 1.0, 1.0, 1.0, 0, 1.0, 0, 0, 1.0, 0, 0, 1.0]",19.5,[2.99422467 3.1984193  3.71413358 2.06574325],0.01671366116802892,0,>>graph6<<KmzffJznl{hU
106,9,statevector,gaussian,vanilla,COBYLA,True,2,False,5000,1e-08,2,2.6406571865081787,224,1.0,"[0, 0, 1, 0, 1, 0, 0, 1, 1]",8.0,"[1.0, 1.0, 0, 1.0, 0, 1.0, 1.0, 0, 0]",8.0,[4.90668828 2.73487411 3.50616584 1.08921198],0.047041771728705044,0,>>graph6<<Hh_iS_u
107,6,statevector,gaussian,multiangle,COBYLA,False,1,False,5000,1e-08,2,2.582284688949585,581,1.0,"[0, 1, 1, 0, 0, 0]",4.75,"[0, 1.0, 1.0, 0, 0, 0]",4.75,"[6.28318526 4.71238898 4.71238898 3.14159266 3.14159263 3.14159261
 3.23993775 3.31705497 2.78151917 2.89941289 1.39206266 1.52169054
 1.6596537  1.67413242 2.5488159  3.00684088]",0.9999999999999956,0,>>graph6<<Emz_
108,9,statevector,gaussian,multiangle,COBYLA,False,1,False,5000,1e-08,2,13.945674657821655,1301,1.0,"[1, 1, 1, 0, 0, 0, 0, 0, 0]",11.0,"[1.0, 1.0, 1.0, 0, 0, 0, 0, 0, 0]",11.0,"[4.71238897 4.712389   4.71238898 3.1415926  3.14159268 3.14159266
 3.14159263 3.14159268 3.14159242 3.70679308 3.25796125 3.15402557
 3.23504598 3.20255771 3.7251823  2.73026844 2.49667253 3.48695787
 2.52979792 3.41297223 2.61464378 2.73406195 3.21235025 3.04903746
 2.7256801  1.34947878 1.43743272 1.75577739 2.13897512 1.51318286
 1.02636829 1.72360594 1.400599   1.4495173 ]",0.9999999999999378,0,>>graph6<<HmzffJz
109,9,statevector,gaussian,multiangle,COBYLA,False,1,False,5000,1e-08,2,5.354125738143921,847,0.96875,"[0, 1, 1, 1, 0, 1, 1, 0, 0]",7.75,"[1.0, 1.0, 0, 1.0, 0, 1.0, 1.0, 0, 0]",8.0,"[3.14159268 4.71238899 4.71238892 4.71238901 3.14159266 4.712389
 4.71238895 3.14159266 3.14159263 3.76402532 3.23717051 2.69607418
 4.94005686 2.72646442 2.08622439 2.48673487 1.19355009 1.01861899
 1.0683631  2.47534091 1.3504665  1.59720917 1.23131171]",1.77388872016294e-30,0,>>graph6<<Hh_iS_u
110,12,statevector,gaussian,multiangle,COBYLA,True,2,False,5000,1e-08,2,280.6521751880646,5000,1.0,"[0, 1, 1, 1, 0, 1, 0, 0, 1, 0, 0, 1]",19.5,"[0, 1.0, 1.0, 1.0, 0, 1.0, 0, 0, 1.0, 0, 0, 1.0]",19.5,"[1.56786586 4.82561806 3.41007435 2.97345983 2.98378984 1.86167943
 3.42164841 4.56136261 3.41418638 2.86244552 3.13415094 3.97155917
 2.49679494 3.91919042 4.53479082 4.5548449  4.72134059 2.50548425
 4.4760487  3.79665998 4.36594742 4.44935944 4.69372199 4.37658538
 2.84778227 3.20387763 3.13502333 3.33194312 3.11921922 3.88240917
 3.17216343 3.11674574 3.15437715 3.04284526 3.11983646 3.17728883
 3.21492614 3.1058242  3.19195335 3.24920196 3.19992713 3.18136506
 3.11240212 3.13723847 1.55570557 1.69840862 1.34087188 1.73480023
 1.81761864 1.36900534 1.6622682  1.30633469 1.57757052 1.53343934
 1.60868436 1.56419319 4.75793454 3.18903014 2.55423959 3.11945138
 3.17223069 3.13849959 3.11212483 3.13887191 3.05196883 3.087384
 3.1561175  3.15197219 3.40577348 3.04301046 3.17274443 2.98234654
 3.19716568 3.98713195 3.07912437 3.08262762 3.10163614 3.2826988
 3.15239586 2.98911826 3.06164523 3.19943833 2.89353583 2.98472348
 2.96782999 3.04278099 3.23066646 3.14645154 3.16395759 2.82497289
 3.35766073 2.94460866 2.55092961 3.58973756 3.024424   3.37069255
 3.12774762 3.40718547 3.07371189 3.2297767  2.73288888 1.42858581
 2.09797983 1.63918832 1.421946   1.59962953 1.58177388 1.60628205
 1.6802498  1.69656056 1.53472059 1.54685567]",0.7013761354096684,0,>>graph6<<KmzffJznl{hU
111,9,statevector,gaussian,multiangle,COBYLA,True,2,False,5000,1e-08,2,118.13225245475769,5000,1.0,"[1, 1, 1, 0, 0, 0, 0, 0, 0]",11.0,"[1.0, 1.0, 1.0, 0, 0, 0, 0, 0, 0]",11.0,"[2.99817968 4.75674898 4.61335209 4.5553646  4.38340176 3.23510896
 1.86481364 3.57490937 2.94639506 4.73105837 3.85590277 3.49748131
 2.23771189 3.60268328 4.66622138 4.25473033 1.8826759  4.4146228
 3.4296321  3.13820937 3.44416773 3.0646224  3.06592954 2.91312691
 3.04517296 1.56133694 1.56727735 1.69942728 1.56807882 1.58096701
 1.69617589 0.88201758 1.60592428 1.5771676  3.14751071 3.13254005
 3.1400846  3.17862735 3.13345173 3.16157267 3.31891064 3.24329941
 4.78121216 2.8299622  3.13062518 2.59688234 3.47640923 3.32794438
 3.3589803  3.50932688 3.16428973 3.55358481 4.24081467 3.14651411
 3.09696613 3.01485744 3.80286128 3.02408279 3.04697848 1.58721402
 1.60922912 1.59632539 1.59455873 2.01236215 1.50134232 1.36380614
 1.47325361 1.38933744]",0.7846089748946798,0,>>graph6<<HmzffJz
112,9,statevector,gaussian,multiangle,COBYLA,True,2,False,5000,1e-08,2,86.05234694480896,5000,1.0,"[1, 1, 0, 1, 0, 1, 1, 0, 0]",8.0,"[1.0, 1.0, 0, 1.0, 0, 1.0, 1.0, 0, 0]",8.0,"[ 2.40591353e+00  1.85374219e+00  2.98407766e+00  4.39727871e+00
  4.03786819e+00  4.56643466e+00  4.54077780e+00  3.15358746e+00
  4.37084906e+00  4.37517679e+00  3.91457969e+00  4.57120524e+00
  2.14180863e+00  4.03319648e+00  2.43388408e+00  2.47414308e+00
  1.58598164e+00  2.25994895e+00  1.57689464e+00  1.51301119e+00
  1.72824782e+00  1.52112437e+00 -3.11434720e-03  3.39457016e+00
  3.12885018e+00  3.08977439e+00  3.13402459e+00  3.14486775e+00
  4.70917237e+00  3.16964876e+00  3.15058214e+00  3.28158050e+00
  3.12960936e+00  3.35520638e+00  4.31188850e+00  3.22694024e+00
  4.70717724e+00  2.67873772e-01  1.59507557e+00  1.65718012e+00
  3.15861788e+00  1.54358958e+00  1.57360279e+00  1.49269466e+00
  1.53328275e+00  1.18949592e+00]",0.7986675040478667,0,>>graph6<<Hh_iS_u
113,12,statevector,gaussian,multiangle,COBYLA,False,1,False,5000,1e-08,2,48.18644046783447,2029,1.0,"[0, 1, 1, 1, 0, 1, 0, 0, 1, 0, 0, 1]",19.5,"[0, 1.0, 1.0, 1.0, 0, 1.0, 0, 0, 1.0, 0, 0, 1.0]",19.5,"[3.14159265 4.71238899 3.14159271 4.71238897 4.71238899 4.71238898
 3.14159266 4.71238898 3.14159273 3.14159264 4.71238892 3.14159268
 4.17259185 1.86377847 3.24371989 3.11307833 3.08565388 2.98399754
 2.87647391 4.59269061 2.37497982 2.64796373 2.6327936  3.04446486
 3.68121087 3.49372787 4.01957653 3.46873275 3.61864653 3.79135039
 3.05632909 2.32164942 3.22542733 3.79947788 2.84546465 2.72772408
 3.7338699  3.81026405 2.73302765 3.57271264 3.75587624 2.994751
 2.47073575 2.22499516 1.89081953 1.70146297 1.50320168 2.21684116
 1.1803259  2.06259488 1.24032103 0.92532963 0.18298371 0.76649072
 1.47074278 1.97907106]",0.9999999999999871,0,>>graph6<<KmzffJznl{hU
114,6,statevector,gaussian,multiangle,COBYLA,True,1,False,5000,1e-08,2,9.449471712112427,1603,1.0,"[0, 1, 1, 0, 0, 0]",4.75,"[0, 1.0, 1.0, 0, 0, 0]",4.75,"[1.5707964  4.712389   4.71238903 4.71238925 4.71238884 4.71238901
 4.71238899 3.14159266 4.71238898 3.14159264 3.14159263 1.57079633
 1.57079639 1.57079632 1.5707963  1.57079634]",0.7568673903430748,0,>>graph6<<Emz_
115,9,statevector,gaussian,multiangle,COBYLA,True,1,False,5000,1e-08,2,69.12835216522217,5000,1.0,"[1, 1, 1, 0, 0, 0, 0, 0, 0]",11.0,"[1.0, 1.0, 1.0, 0, 0, 0, 0, 0, 0]",11.0,"[4.72497091 4.7140798  4.74615223 4.71015344 4.71114299 4.71551519
 1.57651075 4.71764047 4.48277563 3.15196258 3.1485437  3.14149294
 3.13881264 3.14206552 3.14065064 3.14105037 3.14164569 3.13806847
 3.14179912 3.1407197  3.1391183  4.71427608 3.14062515 3.14073117
 3.14210534 1.57245669 1.571354   1.58864449 0.0182053  1.62784531
 1.57340523 3.16572345 1.57055506 1.57044468]",0.6488826350113869,0,>>graph6<<HmzffJz
116,9,statevector,gaussian,multiangle,COBYLA,True,1,False,5000,1e-08,2,50.59752559661865,5000,1.0,"[1, 1, 0, 1, 0, 1, 1, 0, 0]",8.0,"[1.0, 1.0, 0, 1.0, 0, 1.0, 1.0, 0, 0]",8.0,"[1.92975131 1.57089563 4.47388013 4.70847028 1.574897   4.70813305
 4.71041216 4.71226385 4.71317208 3.14154221 1.57356814 4.7128141
 3.15091905 3.14992627 1.85225042 1.57957349 1.57050506 1.57074646
 1.57044811 1.57046396 1.58454021 1.57051042 3.15063735]",0.6253170554293005,0,>>graph6<<Hh_iS_u
117,6,statevector,gaussian,multiangle,COBYLA,False,2,False,5000,1e-08,2,39.82731056213379,5000,1.0,"[1, 0, 0, 1, 1, 1]",4.75,"[0, 1.0, 1.0, 0, 0, 0]",4.75,"[4.71237271 3.14212494 3.14159267 3.9567515  3.0460981  3.14161876
 3.14160556 3.14106055 3.14158881 3.89722389 1.66629037 1.57077986
 1.37572084 1.58195639 1.33198919 1.24427317 1.82487668 3.63899748
 3.30171092 2.55387225 2.55048335 2.20031558 3.39932742 3.41958543
 4.41034486 3.01389889 1.436917   1.49123975 1.7172502  3.46623744
 1.50483609 1.78283565]",0.9999999933851578,0,>>graph6<<Emz_
118,6,statevector,gaussian,multiangle,COBYLA,True,2,False,5000,1e-08,2,51.10627198219299,5000,1.0,"[0, 1, 1, 0, 0, 0]",4.75,"[0, 1.0, 1.0, 0, 0, 0]",4.75,"[6.28427845 4.55398934 3.22578779 4.8544619  3.01685417 2.9933815
 1.5433743  2.48228644 4.65242861 3.80843594 1.55799295 1.59434566
 1.42682917 3.17984727 1.82304246 3.11483162 4.44242173 4.03282965
 3.06264634 3.34929294 3.09318203 3.15517733 3.27670915 3.04220546
 2.92292237 3.20248564 1.84208306 0.68875287 1.73438689 1.35259287
 0.26761197 1.5534466 ]",0.8474030679173626,0,>>graph6<<Emz_
119,6,statevector,gaussian,vanilla,COBYLA,False,1,False,5000,1e-08,2,0.37882494926452637,114,1.0,"[0, 1, 1, 0, 0, 0]",4.75,"[0, 1.0, 1.0, 0, 0, 0]",4.75,[2.80669847 0.85635232],0.13532000241749445,0,>>graph6<<Emz_
120,12,statevector,gaussian,multiangle,COBYLA,False,2,False,5000,1e-08,2,237.72408318519592,5000,0.9615384615384616,"[0, 1, 1, 1, 1, 1, 0, 0, 0, 0, 0, 1]",18.75,"[0, 1.0, 1.0, 1.0, 0, 1.0, 0, 0, 1.0, 0, 0, 1.0]",19.5,"[3.14154672 4.71281923 4.37123542 4.71234431 4.71270412 3.9684988
 4.96742301 4.71294284 3.14821454 3.14094884 3.02491406 3.14131718
 3.1411683  3.14192316 4.37085837 3.14191707 3.14263608 3.88476783
 2.88332997 3.14091329 3.12715314 3.14018802 3.02165349 3.14126922
 1.11541463 2.48845537 1.50244561 2.23012534 2.76799902 0.01755033
 4.25998262 1.94929462 5.2492095  4.99441167 1.53778154 3.43939761
 2.67575201 1.96978694 4.32107553 3.56718941 1.0238996  2.87881808
 5.46527261 3.12185965 2.33372605 0.31727399 1.2319988  2.2308022
 0.28951659 2.52629551 0.95427777 0.97374676 2.09917025 1.41238995
 1.33185692 3.20593289 2.07415172 2.99805315 5.02834357 2.71406832
 3.66177029 3.11075395 3.77246237 1.51925257 1.3415059  1.66410774
 3.28366419 2.91648202 2.75700306 3.14708115 3.71469286 3.02304261
 2.80271435 3.13775945 3.14012643 3.33788748 4.01880858 2.97683524
 2.56196674 2.71094325 2.85322708 3.58799684 2.64733727 2.93144206
 3.17492816 2.98858157 3.15588003 4.22242539 2.62450965 2.84773405
 3.08186408 2.71462905 3.03353725 4.6555571  4.03242865 2.88277937
 3.71668832 2.7565198  2.94572405 4.02072822 1.46421408 1.56990669
 1.97822297 1.77401987 1.42370736 1.28518832 0.84058293 0.90790326
 2.907363   0.83337558 1.43989159 1.46110206]",1.316691136906611e-09,0,>>graph6<<KmzffJznl{hU
121,9,statevector,gaussian,multiangle,COBYLA,False,2,False,5000,1e-08,2,84.58200979232788,4238,1.0,"[1, 1, 1, 0, 0, 0, 0, 0, 0]",11.0,"[1.0, 1.0, 1.0, 0, 0, 0, 0, 0, 0]",11.0,"[3.91018898 3.14159268 4.71238903 4.71238901 3.45213331 3.14159264
 3.14159271 3.14159265 3.83625683 2.33939263 4.71238899 3.14159261
 4.71238891 2.83105198 3.14159268 3.14159268 3.14159268 2.44692865
 3.29232538 2.3741652  3.76624423 3.11214971 3.31789286 4.35788911
 2.72476222 0.93343257 1.95153219 1.71841358 1.45112325 1.83623938
 3.01480683 1.08996898 1.49385813 1.15331448 3.5892588  3.63676844
 4.36050488 3.29457875 3.72430766 2.33565841 4.92130965 2.13235532
 3.14716432 2.89225671 2.9410412  3.14833221 3.13678378 3.28563618
 3.83260093 3.31255762 2.96558472 2.66515929 3.98472122 3.42726858
 3.50895356 3.61093505 3.43524055 3.14159266 3.04394339 2.92495446
 1.65462239 1.57079634 1.05133804 3.61185906 1.50214962 1.57079631
 0.76916951 1.39983113]",0.9999999999999045,0,>>graph6<<HmzffJz
122,9,statevector,gaussian,multiangle,COBYLA,False,2,False,5000,1e-08,2,58.321152448654175,5000,0.8125,"[1, 1, 0, 0, 0, 1, 0, 1, 1]",6.5,"[1.0, 1.0, 0, 1.0, 0, 1.0, 1.0, 0, 0]",8.0,"[4.37725814 4.71218331 3.14161972 2.85798836 3.12407161 3.75355534
 4.71243513 3.1425912  3.01779895 2.80646964 3.1917077  3.1416037
 2.85807507 3.15907184 0.9588537  1.5707393  1.52427151 1.44696643
 2.61863211 1.7627104  2.52611296 1.95369957 1.58874518 3.5079561
 3.24986938 2.62814974 2.25743698 2.54465408 3.14366106 2.93202316
 2.91708522 3.77818185 3.44765599 3.43047323 3.1393865  3.99395213
 3.14155737 1.65603517 1.55358617 2.26739579 1.91785984 2.8684216
 1.56856391 1.65611013 1.84396733 1.57077044]",3.495429120911615e-19,0,>>graph6<<Hh_iS_u
123,9,statevector,gaussian,vanilla,COBYLA,False,1,False,5000,1e-08,2,0.7721774578094482,116,1.0,"[1, 1, 1, 0, 0, 0, 0, 0, 0]",11.0,"[1.0, 1.0, 1.0, 0, 0, 0, 0, 0, 0]",11.0,[4.40681943 0.59440892],0.03377668451081383,0,>>graph6<<HmzffJz
124,12,statevector,gaussian,vanilla,COBYLA,False,1,False,5000,1e-08,2,0.9340322017669678,67,0.6410256410256411,"[1, 0, 1, 0, 0, 1, 1, 0, 0, 0, 1, 0]",12.5,"[0, 1.0, 1.0, 1.0, 0, 1.0, 0, 0, 1.0, 0, 0, 1.0]",19.5,[2.78534334 2.45775766],0.00016452967556159395,0,>>graph6<<KmzffJznl{hU
125,9,statevector,gaussian,vanilla,COBYLA,False,1,False,5000,1e-08,2,0.47159457206726074,99,1.0,"[1, 1, 0, 1, 0, 1, 1, 0, 0]",8.0,"[1.0, 1.0, 0, 1.0, 0, 1.0, 1.0, 0, 0]",8.0,[4.3339566  0.87688726],0.0696111513228594,0,>>graph6<<Hh_iS_u
126,6,statevector,gaussian,vanilla,COBYLA,True,1,False,5000,1e-08,2,0.46945738792419434,108,1.0,"[0, 1, 1, 0, 0, 0]",4.75,"[0, 1.0, 1.0, 0, 0, 0]",4.75,[3.46581452 0.84399669],0.2113032464910622,0,>>graph6<<Emz_
127,9,statevector,gaussian,vanilla,COBYLA,True,1,False,5000,1e-08,2,0.8274152278900146,90,1.0,"[1, 1, 1, 0, 0, 0, 0, 0, 0]",11.0,"[1.0, 1.0, 1.0, 0, 0, 0, 0, 0, 0]",11.0,[3.44684553 0.64374528],0.10362866886794678,0,>>graph6<<HmzffJz
128,9,statevector,gaussian,vanilla,COBYLA,True,1,False,5000,1e-08,2,0.5919849872589111,84,0.9375,"[0, 1, 0, 1, 0, 1, 1, 0, 0]",7.5,"[1.0, 1.0, 0, 1.0, 0, 1.0, 1.0, 0, 0]",8.0,[2.94687255 2.44736347],0.028858559114697223,0,>>graph6<<Hh_iS_u
129,9,statevector,gaussian,vanilla,COBYLA,False,2,False,5000,1e-08,2,1.8855071067810059,162,0.8181818181818182,"[1, 1, 0, 0, 1, 0, 0, 0, 0]",9.0,"[1.0, 1.0, 1.0, 0, 0, 0, 0, 0, 0]",11.0,[4.28011876 1.86971529 3.05909767 2.67519889],0.027783137165372427,0,>>graph6<<HmzffJz
130,12,statevector,gaussian,vanilla,COBYLA,True,1,False,5000,1e-08,2,5.000128507614136,243,1.0,"[1, 0, 0, 0, 1, 0, 1, 1, 0, 1, 1, 0]",19.5,"[0, 1.0, 1.0, 1.0, 0, 1.0, 0, 0, 1.0, 0, 0, 1.0]",19.5,[1.65358978 0.08296959],0.5679915489642727,0,>>graph6<<KmzffJznl{hU
131,6,statevector,gaussian,vanilla,COBYLA,False,2,False,5000,1e-08,2,7.868436336517334,1437,1.0,"[0, 1, 1, 0, 0, 0]",4.75,"[0, 1.0, 1.0, 0, 0, 0]",4.75,[2.69986631 2.87443114 0.71466789 1.36836977],0.36991085598895435,0,>>graph6<<Emz_
132,12,statevector,gaussian,vanilla,COBYLA,False,2,False,5000,1e-08,2,4.311127185821533,177,0.3717948717948718,"[0, 0, 0, 0, 1, 0, 0, 1, 0, 0, 0, 0]",7.25,"[0, 1.0, 1.0, 1.0, 0, 1.0, 0, 0, 1.0, 0, 0, 1.0]",19.5,[3.97464711 2.52912137 2.93176047 2.26437034],0.0016666315283633988,0,>>graph6<<KmzffJznl{hU
133,9,statevector,gaussian,vanilla,COBYLA,False,2,False,5000,1e-08,2,1.7051751613616943,191,0.875,"[1, 0, 0, 1, 0, 1, 1, 1, 0]",7.0,"[1.0, 1.0, 0, 1.0, 0, 1.0, 1.0, 0, 0]",8.0,[4.00927548 1.23259232 3.49067728 2.70268674],0.027033434775607212,0,>>graph6<<Hh_iS_u
134,6,statevector,gaussian,vanilla,COBYLA,True,2,False,5000,1e-08,2,2.4305896759033203,337,0.8947368421052632,"[0, 1, 1, 1, 0, 0]",4.25,"[0, 1.0, 1.0, 0, 0, 0]",4.75,[4.23614933 1.55601357 3.49680776 0.81691152],0.03645305501626934,0,>>graph6<<Emz_
135,9,statevector,gaussian,vanilla,COBYLA,True,2,False,5000,1e-08,2,2.9190964698791504,191,0.9090909090909091,"[0, 0, 0, 1, 1, 1, 1, 0, 1]",10.0,"[1.0, 1.0, 1.0, 0, 0, 0, 0, 0, 0]",11.0,[3.70371851 1.48389167 3.26904883 0.71950757],0.028084220966693687,0,>>graph6<<HmzffJz
136,12,statevector,gaussian,vanilla,COBYLA,True,2,False,5000,1e-08,2,8.191764116287231,274,0.9615384615384616,"[1, 0, 0, 0, 1, 0, 1, 1, 0, 1, 0, 0]",18.75,"[0, 1.0, 1.0, 1.0, 0, 1.0, 0, 0, 1.0, 0, 0, 1.0]",19.5,[3.02474238 1.57670061 3.50242268 1.53582118],0.008188522253826356,0,>>graph6<<KmzffJznl{hU
137,6,statevector,gaussian,multiangle,COBYLA,False,1,False,5000,1e-08,2,2.376420736312866,521,1.0,"[0, 1, 1, 0, 0, 0]",4.75,"[0, 1.0, 1.0, 0, 0, 0]",4.75,"[6.28318534 4.71238897 4.71238899 3.14159266 3.14159262 3.14159265
 3.34119282 3.45234317 3.33720574 3.48107895 1.19930419 2.03689982
 1.8044367  1.4438316  2.00974574 1.46517545]",0.9999999999999969,0,>>graph6<<Emz_
138,9,statevector,gaussian,multiangle,COBYLA,False,1,False,5000,1e-08,2,15.052480697631836,1452,1.0,"[1, 1, 1, 0, 0, 0, 0, 0, 0]",11.0,"[1.0, 1.0, 1.0, 0, 0, 0, 0, 0, 0]",11.0,"[4.71238899 4.71238896 4.71238898 3.1415927  3.14159266 3.14159268
 3.14159268 3.14159264 3.14159248 3.16479178 4.14205352 3.35744746
 2.82252488 3.94049785 3.42370829 3.00168259 3.71206795 2.98086546
 2.46360445 2.95359446 3.53230375 3.26008034 3.74950448 3.04900814
 3.53069939 2.0920956  1.82633081 1.67040494 1.63240034 0.75848974
 2.38896342 1.50272988 1.81303876 0.73678899]",0.9999999999999669,0,>>graph6<<HmzffJz
139,9,statevector,gaussian,multiangle,COBYLA,False,1,False,5000,1e-08,2,5.5069355964660645,864,1.0,"[1, 1, 0, 1, 0, 1, 1, 0, 0]",8.0,"[1.0, 1.0, 0, 1.0, 0, 1.0, 1.0, 0, 0]",8.0,"[4.71238902 4.71238893 3.14159264 4.71238897 3.14159267 4.71238897
 4.71238894 3.14159268 3.14159265 2.46347385 2.45102827 3.73632277
 3.34343323 3.47906201 1.74273187 1.80493211 2.02504926 1.80947181
 1.61920173 1.37331234 1.56027288 1.49505731 1.75680261]",0.9999999999999936,0,>>graph6<<Hh_iS_u
140,12,statevector,gaussian,multiangle,COBYLA,True,2,False,5000,1e-08,2,277.79094910621643,5000,1.0,"[0, 1, 1, 1, 0, 1, 0, 0, 1, 0, 0, 1]",19.5,"[0, 1.0, 1.0, 1.0, 0, 1.0, 0, 0, 1.0, 0, 0, 1.0]",19.5,"[2.77961359 4.34516332 1.83192624 2.35926505 3.1162649  4.7438999
 2.74665969 4.20925887 3.52950494 4.47781986 4.40740549 4.14975416
 4.3795204  2.18130529 4.46584508 4.18952363 4.73510385 3.49635208
 4.24590143 4.16692709 4.33568909 3.74699425 2.30969597 4.1531023
 4.75698713 3.16708879 4.68086118 3.19750027 4.68621546 4.43980462
 3.13296439 3.02072962 3.14140751 3.1108435  3.15811138 3.13979635
 4.56311834 3.10051486 3.1485422  3.15754238 3.24940725 3.16356765
 3.14907378 3.13609828 1.57671459 1.59095554 1.63471318 1.61522757
 1.60119127 1.46755323 2.07469216 1.44319409 1.55437331 1.58620419
 1.58543143 1.57848336 3.29823264 3.20114564 3.15936368 3.15102857
 3.21814658 3.13526442 3.32085673 3.15375427 4.9447048  3.12091077
 3.29836633 3.12587411 3.0135396  3.0505646  3.33778861 3.16394556
 3.24881704 3.6165566  3.03142639 3.31226712 3.13836363 3.30574579
 3.13013263 3.16778584 1.92693709 3.20653092 2.98910926 3.10443528
 2.85243641 3.0521905  4.70857864 3.15747307 3.10636212 2.87696707
 3.01597718 2.96960221 2.99254919 3.38164876 2.66815409 3.24095977
 3.16014361 2.78403504 3.09975185 3.11061454 1.332854   1.27432972
 1.35742287 1.5518928  0.97589645 1.57831064 1.39774449 1.49633283
 1.15743289 1.78122686 1.30518506 1.62742393]",0.7321095463696237,0,>>graph6<<KmzffJznl{hU
141,12,statevector,gaussian,multiangle,COBYLA,True,1,False,5000,1e-08,2,150.95184969902039,5000,1.0,"[0, 1, 1, 1, 0, 1, 0, 0, 1, 0, 0, 1]",19.5,"[0, 1.0, 1.0, 1.0, 0, 1.0, 0, 0, 1.0, 0, 0, 1.0]",19.5,"[ 4.71128253e+00  1.55768843e+00  4.71140302e+00  4.46458362e+00
  1.52739961e+00  4.71686569e+00  4.73335603e+00  4.71530956e+00
  3.34993363e+00  4.70998209e+00  3.13878810e+00  1.56829129e+00
  3.15231656e+00  4.71722284e+00  3.14220969e+00  3.13696121e+00
  3.14078172e+00  3.14143162e+00  3.14224511e+00  3.14064752e+00
  3.14241395e+00  3.14215646e+00  4.71715668e+00  3.14129365e+00
  4.65823281e+00  3.14109885e+00  3.14132367e+00  3.14320023e+00
  3.14162214e+00  3.14267056e+00  3.14125531e+00  3.13698322e+00
  3.14052584e+00  3.14156292e+00  3.14345289e+00  3.14902011e+00
  3.14211499e+00  3.14177971e+00  3.19373554e+00  3.08865829e+00
  3.11975125e+00  3.14176445e+00  3.13985787e+00  3.14123959e+00
  1.57042746e+00  1.57206327e+00  2.93271091e+00  1.56917624e+00
  1.56988090e+00  3.13951559e+00  1.57287330e+00  1.56249159e+00
  1.57918340e+00  1.56306674e+00  1.57266075e+00 -4.31625300e-04]",0.29825225486911944,0,>>graph6<<KmzffJznl{hU
142,9,statevector,gaussian,multiangle,COBYLA,True,2,False,5000,1e-08,2,117.41797399520874,5000,1.0,"[1, 1, 1, 0, 0, 0, 0, 0, 0]",11.0,"[1.0, 1.0, 1.0, 0, 0, 0, 0, 0, 0]",11.0,"[2.9839314  3.99355365 4.78320839 2.73494386 4.52801214 3.25076077
 4.64232966 3.18469589 2.60801474 4.72608455 4.1381208  3.79746398
 1.75459718 3.70867945 4.63948412 3.65719831 1.59271445 4.22983556
 3.17029624 3.11590019 3.1297413  3.14589656 3.05386879 2.60487338
 3.15703569 1.60322755 1.6090559  1.49799907 1.58076663 1.5743666
 1.60480411 1.20535575 1.59887253 1.51375306 3.13533376 3.18067235
 3.10771529 3.01505464 3.32758245 3.13745129 3.25293704 3.44743554
 4.67377907 3.11035976 3.24707229 1.58996977 3.11553628 3.2754791
 3.6553069  3.79221067 3.03686831 2.70090929 3.47940012 3.04242012
 3.08751403 3.11664991 3.48902085 3.04977699 3.26340211 1.55858399
 1.51615586 1.65629519 1.697653   2.67264668 1.57599689 1.40112869
 1.29523256 1.67203591]",0.7392430681650627,0,>>graph6<<HmzffJz
143,9,statevector,gaussian,multiangle,COBYLA,True,2,False,5000,1e-08,2,85.85856819152832,5000,1.0,"[1, 1, 0, 1, 0, 1, 1, 0, 0]",8.0,"[1.0, 1.0, 0, 1.0, 0, 1.0, 1.0, 0, 0]",8.0,"[1.44186088 4.77890669 4.35245417 1.75576194 3.14730246 4.37984129
 4.45443387 4.63865633 3.14470082 3.75998225 3.78033039 3.89104449
 3.82779097 4.72135708 1.51570074 1.32114037 2.5031539  1.57474899
 1.56453379 3.14306218 1.54547129 1.57322903 1.52729416 1.60401495
 3.14516426 4.67648142 3.20678921 2.86237066 3.13584176 3.13771426
 3.13897859 3.14386081 3.15446211 3.14130536 3.19582699 3.13636482
 3.33542559 0.92400333 1.56581365 1.64654768 2.68941508 2.31079865
 1.592686   1.5833133  1.58268304 1.5626241 ]",0.8969894568559065,0,>>graph6<<Hh_iS_u
144,9,statevector,gaussian,vanilla,COBYLA,True,2,False,5000,1e-08,2,55.71109318733215,5000,0.78125,"[0, 0, 0, 0, 1, 0, 0, 1, 1]",6.25,"[1.0, 1.0, 0, 1.0, 0, 1.0, 1.0, 0, 0]",8.0,[3.26120466 1.32237478 4.73298647 0.86994074],0.04538716071541916,0,>>graph6<<Hh_iS_u
145,12,statevector,gaussian,multiangle,COBYLA,False,1,False,5000,1e-08,2,55.960731506347656,2280,0.8974358974358975,"[0, 0, 0, 1, 1, 1, 0, 1, 1, 0, 1, 1]",17.5,"[0, 1.0, 1.0, 1.0, 0, 1.0, 0, 0, 1.0, 0, 0, 1.0]",19.5,"[3.14159268 3.14159264 4.71238897 4.71238886 3.14159265 4.71238897
 4.71238895 4.71238898 3.14159265 4.71238895 4.71238902 3.14159265
 3.09389524 3.13044991 2.66050771 3.28477694 4.03301643 3.29784024
 3.46066134 3.22167293 3.2400182  3.02995919 3.27095013 3.28502703
 2.44405777 4.24519534 3.24360743 3.93187476 3.40407005 2.87737614
 2.46227459 4.22815903 2.5588884  3.21173919 2.60202383 3.79563379
 3.43793681 3.13079632 3.71749339 3.1244774  3.41587689 3.49805147
 2.69259581 3.07563656 1.13926138 1.04455393 1.65517135 1.62382065
 1.13571344 1.1765325  1.69413716 1.75626176 2.4879962  1.08382191
 1.60052798 1.22562015]",1.9028551993437857e-79,0,>>graph6<<KmzffJznl{hU
146,6,statevector,gaussian,multiangle,COBYLA,True,1,False,5000,1e-08,2,8.945547819137573,1505,1.0,"[0, 1, 1, 0, 0, 0]",4.75,"[0, 1.0, 1.0, 0, 0, 0]",4.75,"[1.57079613 4.71238896 4.71238895 4.71238862 4.71238921 4.71238893
 4.71238899 3.14159266 3.14159262 3.14159267 1.57079632 3.14159263
 1.57079627 3.14159266 1.57079638 1.57079632]",0.7568673903430545,0,>>graph6<<Emz_
147,9,statevector,gaussian,multiangle,COBYLA,True,1,False,5000,1e-08,2,66.23681044578552,5000,1.0,"[1, 1, 1, 0, 0, 0, 0, 0, 0]",11.0,"[1.0, 1.0, 1.0, 0, 0, 0, 0, 0, 0]",11.0,"[1.55890452 4.71058414 4.68048133 4.71492284 4.71363678 4.70954811
 4.70672826 4.70755421 1.78820905 3.13163688 3.13487728 4.71271722
 3.14423391 3.14124651 4.71330893 3.14188474 3.14151539 3.14493766
 3.14144402 3.14239795 3.14407385 3.13953878 1.57151918 3.14262326
 3.14098029 1.56927574 1.57006054 1.55388773 1.55360167 1.51667109
 1.56827443 3.11850568 1.57113557 1.57110897]",0.649841499488661,0,>>graph6<<HmzffJz
148,9,statevector,gaussian,multiangle,COBYLA,True,1,False,5000,1e-08,2,46.52177810668945,5000,1.0,"[1, 1, 0, 1, 0, 1, 1, 0, 0]",8.0,"[1.0, 1.0, 0, 1.0, 0, 1.0, 1.0, 0, 0]",8.0,"[3.65262451 4.71219038 4.01215624 4.73869229 1.58418419 4.73852242
 3.29063788 4.71649958 1.39318827 3.15260297 4.86691254 4.71163489
 3.1699796  4.68507691 2.10301701 1.6171195  1.56972969 1.57162359
 3.1208514  3.12245141 2.95962353 1.57245317 1.54205811]",0.36379899572866903,0,>>graph6<<Hh_iS_u
149,6,statevector,gaussian,multiangle,COBYLA,False,2,False,5000,1e-08,2,26.55812907218933,3221,1.0,"[1, 0, 0, 1, 1, 1]",4.75,"[0, 1.0, 1.0, 0, 0, 0]",4.75,"[4.71238891 3.14159268 2.76186406 4.38426292 3.14159313 3.14159272
 3.14159271 3.14159263 2.76186406 3.46971869 1.5707958  1.57079634
 1.40111167 1.33043566 1.35843104 1.622529   3.20165211 3.48359018
 3.59605414 3.33747903 3.50969185 3.06974387 4.24709427 3.15215093
 2.93247165 3.86225855 2.84631384 1.7799173  1.1820809  0.99272987
 1.58305399 1.59361224]",0.9999999999999514,0,>>graph6<<Emz_
150,12,statevector,gaussian,multiangle,COBYLA,False,2,False,5000,1e-08,2,242.50692486763,5000,1.0,"[0, 1, 1, 1, 0, 1, 0, 0, 1, 0, 0, 1]",19.5,"[0, 1.0, 1.0, 1.0, 0, 1.0, 0, 0, 1.0, 0, 0, 1.0]",19.5,"[3.14508629 4.65876487 4.71020809 4.71063475 4.71390673 4.06104856
 3.12446754 4.64700727 3.06532487 3.14113529 4.71217844 3.19314009
 3.14534928 3.08839576 4.71558585 3.14325453 3.14394656 3.79331874
 3.15882223 3.20713788 3.21816759 3.14238684 3.14123225 3.08997062
 3.64653646 4.53533619 2.20423505 3.05545671 2.69223648 4.60920719
 2.83857797 3.44047404 2.92716725 2.97716222 3.0534519  3.58916065
 3.25017605 2.09051403 3.75365804 1.67440945 2.76076495 3.05539693
 2.15766438 3.47440458 0.66393655 2.65611853 1.94488307 2.28628819
 2.0502544  1.30070416 2.92826092 0.831566   1.02345023 1.57238896
 2.22467558 2.71658422 1.617575   3.75921077 5.1641544  2.51110801
 4.24245037 4.47896315 3.56083604 2.77791219 3.02111038 3.11041906
 3.08288335 2.96581561 3.67649055 3.43422673 2.8543575  3.31790654
 3.01503801 4.91450837 3.04066847 2.61870347 3.4288092  4.11839206
 3.40649398 4.27294642 3.20455189 3.49761193 3.14384482 3.55860551
 2.88055928 4.2260544  2.951775   3.32731537 3.19974717 2.79615444
 3.85494851 3.91544941 3.29745516 3.71670531 4.26638153 2.06275747
 3.39863388 3.12714198 3.16145541 3.08052869 1.06079878 1.6148482
 2.03591794 1.66001051 1.43439377 1.44839534 0.81735892 1.29069875
 1.3868012  1.35133387 1.95000716 1.86217821]",0.9998915446188287,0,>>graph6<<KmzffJznl{hU
151,12,statevector,gaussian,multiangle,COBYLA,True,2,False,5000,1e-08,2,275.26894521713257,5000,1.0,"[0, 1, 1, 1, 0, 1, 0, 0, 1, 0, 0, 1]",19.5,"[0, 1.0, 1.0, 1.0, 0, 1.0, 0, 0, 1.0, 0, 0, 1.0]",19.5,"[2.33502421 2.96736243 3.13590952 3.1573603  3.17085569 4.16302811
 4.45959522 3.12751596 2.96739207 3.82961091 3.10682362 4.85561784
 4.13201462 4.79818322 1.85283525 4.59488179 4.68069964 4.19139303
 3.50041607 1.75264161 4.84194332 4.23782732 4.77366484 3.7539956
 3.19387867 3.11305001 4.56609806 2.99082206 3.13180233 4.69809728
 3.09706238 3.10303564 4.06679016 3.07382544 3.19299717 3.11354804
 3.3668416  3.11548868 3.13048045 3.10560375 3.15560593 3.21564276
 3.19766207 3.53285144 1.68701567 1.58646276 1.72778627 1.65116808
 1.6649299  1.47542268 1.55475244 2.03871518 1.64539434 1.60279487
 1.66992732 1.86718053 3.38270572 3.09312265 3.34159295 3.19019331
 3.28961708 3.1921383  3.2095762  3.06340138 3.14971146 3.15069713
 3.77096061 3.20561457 3.09145444 3.23535343 3.34238352 3.28719327
 3.10069455 3.18868453 3.21617445 3.17080878 3.77611265 3.37197318
 3.0025761  1.65056945 2.93844793 3.31074741 3.64475305 3.23550257
 3.07615562 3.06730773 3.06419676 2.75324629 3.02469667 3.11309694
 2.94171049 3.09378789 2.99898547 3.31325079 3.16427848 2.6730614
 3.06111297 3.06375337 3.0413835  2.84017004 1.27533552 1.69810564
 1.36907619 1.49558388 1.23287182 1.50471016 1.50072958 1.57865762
 1.27119074 1.4657338  0.98242938 1.49145814]",0.6390953243361837,0,>>graph6<<KmzffJznl{hU
152,12,statevector,gaussian,multiangle,COBYLA,True,1,False,5000,1e-08,2,143.63282942771912,5000,1.0,"[0, 1, 1, 1, 0, 1, 0, 0, 1, 0, 0, 1]",19.5,"[0, 1.0, 1.0, 1.0, 0, 1.0, 0, 0, 1.0, 0, 0, 1.0]",19.5,"[4.7147853  4.72559621 4.71619476 1.82310148 4.75487136 4.70796156
 4.6911123  4.7097506  2.93007178 1.57714709 3.14444544 4.71284773
 4.70146112 3.13680786 3.1420974  3.1477858  3.14275625 3.14278061
 3.14132237 3.14080006 3.14193484 3.14137153 3.13465291 3.14233614
 3.19799745 3.14200262 3.14262037 3.14121976 3.14071801 3.14037989
 3.14153468 3.1474779  3.14221847 3.14179652 4.710622   3.13367
 4.71179849 3.14152123 3.08777031 3.19448568 3.16353155 3.1409488
 3.14312559 3.14254717 1.57200901 1.57031172 1.78398025 1.57259251
 1.57087558 1.57337334 1.56916689 1.5794517  1.56261981 1.57868648
 1.56685961 1.56914763]",0.2983468430900043,0,>>graph6<<KmzffJznl{hU
153,9,statevector,gaussian,multiangle,COBYLA,False,2,False,5000,1e-08,2,90.38402318954468,5000,1.0,"[1, 1, 1, 0, 0, 0, 0, 0, 0]",11.0,"[1.0, 1.0, 1.0, 0, 0, 0, 0, 0, 0]",11.0,"[4.71238904 3.97219479 3.14159258 4.06283607 3.79745462 3.05441404
 3.14159256 3.14159271 3.14159245 3.14159273 3.88178673 4.71238905
 2.22034945 2.48573069 3.05441405 3.14159262 3.14159259 3.14159086
 5.2528692  1.84362146 3.45115171 3.17215245 3.2807057  3.33383876
 2.76542358 1.77844279 1.62432112 1.80902768 1.15600625 1.3450118
 0.98000527 1.15065122 1.50966799 1.95272669 2.32237837 3.11165964
 3.03501471 3.77485198 3.01809679 3.48468471 3.27211118 3.68209501
 3.27142769 3.81726613 3.92020787 3.74242214 3.89107587 3.12027494
 2.76063624 3.73172179 4.16261671 3.66561552 2.93372684 3.20120458
 3.07424011 2.2562802  3.15098838 3.10900794 3.14159265 2.14195499
 1.111733   1.58886887 1.51973887 1.48230474 1.34091649 1.60696045
 2.5328571  0.93000996]",0.9999999999969507,0,>>graph6<<HmzffJz
154,12,statevector,gaussian,multiangle,COBYLA,False,2,False,5000,1e-08,2,209.59335017204285,5000,1.0,"[0, 1, 1, 1, 0, 1, 0, 0, 1, 0, 0, 1]",19.5,"[0, 1.0, 1.0, 1.0, 0, 1.0, 0, 0, 1.0, 0, 0, 1.0]",19.5,"[4.33517872 4.71238839 4.05440189 4.71238918 4.71238897 3.82929622
 2.58702873 3.1415924  3.14159265 3.14159261 4.71238901 3.50521126
 4.33517903 3.14159321 2.2287838  3.14159277 3.14159329 4.02468542
 3.69615579 4.71238894 3.14159251 3.14159247 3.14159303 2.77797408
 0.26033551 4.22190957 3.33034565 4.44479733 3.59393848 4.68829682
 3.42286732 3.62148112 1.17824579 2.43734668 3.24835497 1.9377596
 4.20682989 4.09070371 2.8584238  2.8495509  3.20880987 5.25445703
 2.31747509 4.87142245 2.70873471 2.77597057 3.17367755 2.44721759
 0.64384114 1.06838515 1.03961626 3.73197293 1.21893809 1.68185748
 1.93456494 2.34083485 1.83180183 3.43757565 3.84834072 2.97051565
 3.48558083 3.28164621 4.05804213 3.43348369 2.91977979 3.14837232
 1.00528367 4.00498315 3.48827659 3.38182724 3.36380047 2.66974583
 2.68600456 3.14159224 3.14159311 2.63301045 4.38574659 3.44531618
 2.81772851 2.40124553 5.15770251 3.14159268 3.14159248 2.31628896
 2.96617364 4.02360869 3.05599175 3.46773044 4.17011802 2.80005057
 2.73798414 3.09943186 3.38704154 4.91367619 3.1379987  2.71955846
 4.0980637  2.97767267 3.36401801 3.0345087  1.98341069 1.57079639
 2.82736433 1.83394322 1.5707962  1.646538   2.31757262 1.29314828
 1.56720284 0.88778804 1.43792167 1.35410931]",0.999999999997575,0,>>graph6<<KmzffJznl{hU
155,9,statevector,gaussian,multiangle,COBYLA,False,2,False,5000,1e-08,2,57.479442834854126,5000,0.84375,"[1, 1, 0, 1, 0, 1, 0, 0, 1]",6.75,"[1.0, 1.0, 0, 1.0, 0, 1.0, 1.0, 0, 0]",8.0,"[4.71246754 4.71232748 3.14159517 2.94093153 3.14148308 3.14150757
 4.71177845 2.11310164 3.14161163 3.14151726 3.14153528 3.14158981
 4.5117301  3.14148173 1.57075092 1.57144346 2.11309511 1.5815868
 1.44128597 3.1610865  1.80624992 1.82641201 1.64514882 3.14948009
 3.7447988  2.79232252 3.26707248 3.82609245 2.34396264 3.69959642
 3.12323725 3.33334176 4.41556252 3.86252793 2.10466204 2.65230777
 4.1911714  2.09995747 2.16427973 3.16429144 2.86744575 1.41343825
 2.6259784  1.63206863 1.52003115 1.61134334]",6.38097329479426e-13,0,>>graph6<<Hh_iS_u
156,6,statevector,gaussian,multiangle,COBYLA,True,2,False,5000,1e-08,2,54.0500705242157,5000,1.0,"[0, 1, 1, 0, 0, 0]",4.75,"[0, 1.0, 1.0, 0, 0, 0]",4.75,"[1.87918144 1.4870425  3.11362364 4.54545196 3.8644064  4.13078268
 4.1564232  4.52713195 4.67345617 2.45582091 1.8750298  0.97448889
 1.69242197 1.53052628 1.63966451 1.54587198 3.03937747 3.08189544
 2.69080111 3.18044415 1.56276472 3.1232489  2.93637736 1.82145727
 3.02744427 3.15049002 1.8654258  1.63518936 0.64997374 1.4884051
 1.60949782 1.61047686]",0.8659809384271925,0,>>graph6<<Emz_
157,9,statevector,gaussian,multiangle,COBYLA,True,2,False,5000,1e-08,2,112.98875737190247,5000,1.0,"[1, 1, 1, 0, 0, 0, 0, 0, 0]",11.0,"[1.0, 1.0, 1.0, 0, 0, 0, 0, 0, 0]",11.0,"[3.30962514 4.6359441  4.62337488 4.70395004 3.77671853 3.04286251
 4.67967953 2.7734736  3.00980475 4.67012724 3.72338128 3.80696736
 3.66557026 4.29221101 4.76019498 2.59742773 4.39373689 1.8203944
 2.96064463 3.12767321 2.99300243 3.26708844 3.26087281 3.44442615
 3.07991474 1.57004047 1.63154917 1.53409094 1.5747291  1.54564487
 1.45382741 1.92498851 1.64321298 1.61539333 3.14659953 3.15634881
 3.14391468 3.1369661  3.13282924 3.13158845 3.41398339 3.0135165
 4.6453575  3.32707703 3.19159409 3.65641434 2.83154222 2.79384664
 2.84793495 3.37311203 3.16139684 3.99897993 3.4519626  3.17561848
 3.22099836 3.23772196 2.81721396 3.06400171 3.78173502 1.51426915
 1.48901697 1.55299601 1.57503174 1.61862617 1.61429616 1.32258489
 1.68026564 1.68158964]",0.818569365021034,0,>>graph6<<HmzffJz
158,12,statevector,gaussian,multiangle,COBYLA,True,2,False,5000,1e-08,2,252.30426287651062,5000,1.0,"[0, 1, 1, 1, 0, 1, 0, 0, 1, 0, 0, 1]",19.5,"[0, 1.0, 1.0, 1.0, 0, 1.0, 0, 0, 1.0, 0, 0, 1.0]",19.5,"[3.29413606 4.74462393 4.25969622 3.13607969 3.58584684 4.69204236
 4.30748108 3.41404373 1.51336322 4.57044014 3.06034195 4.62175837
 4.58823378 3.84381579 2.66236761 4.55690668 4.78479289 3.75068281
 3.93805076 1.89371088 2.67264708 3.68641826 4.61362171 3.65992312
 3.13359601 3.15364541 4.69863331 3.07729748 4.70744911 3.13941376
 3.14538504 3.64728366 3.14508343 3.11097553 3.14510495 3.24155798
 3.06390369 3.12306512 3.17110646 3.17799168 3.13502968 4.17010672
 3.1075713  3.08065902 1.57091234 1.57059921 1.65330793 1.55368827
 1.62949845 1.53182726 3.09863371 1.61101956 1.57552958 1.44572496
 1.56719309 1.44305557 2.87728786 3.15951215 3.12343243 3.1294688
 3.08821468 3.10923577 3.15603822 2.38738605 3.25996715 3.18029059
 2.81334032 3.13084682 3.13950943 3.15153203 4.63948461 3.3881208
 3.05744595 3.15082232 3.14928315 3.84206032 3.18619803 4.97958289
 3.16125264 2.58931603 3.1497395  3.24106042 4.30798495 3.00762384
 3.19215324 2.15145499 3.24642675 3.19665946 3.14200454 3.08078545
 2.85054667 3.19729836 2.55916868 3.24456474 3.57886968 3.08007277
 3.18681673 3.49343384 3.14396975 3.45700617 0.25034317 1.49662742
 1.49796001 1.65008947 1.61969359 1.66946741 1.53789579 2.35250934
 1.33100744 1.44636353 1.8728091  1.55976833]",0.7129109151606369,0,>>graph6<<KmzffJznl{hU
159,9,statevector,gaussian,multiangle,COBYLA,True,2,False,5000,1e-08,2,78.33198833465576,5000,1.0,"[1, 1, 0, 1, 0, 1, 1, 0, 0]",8.0,"[1.0, 1.0, 0, 1.0, 0, 1.0, 1.0, 0, 0]",8.0,"[1.76375819 3.86433609 4.32118702 1.84013277 4.59832378 4.65837531
 4.59155837 5.05578408 4.06829402 3.92206582 4.32114952 3.94927898
 3.88949846 2.47787172 2.48748135 2.47885801 1.2173357  1.07969827
 3.01369225 3.2123194  1.57779455 1.55524689 1.57475125 1.54165074
 3.12986448 3.05186071 3.12104426 3.17873765 3.14898483 3.21250757
 3.22244856 3.18292633 1.87058223 2.84420646 3.11105881 3.21851895
 3.13308951 1.08258718 1.61861965 1.89926553 1.7001811  1.36060156
 1.54620703 1.24699723 1.32091868 1.37507146]",0.962750193671562,0,>>graph6<<Hh_iS_u
